<?xml version="1.0" encoding="UTF-8"?>
<org.fordiac.ide.model.ui:UIFBNetwork xmi:version="2.0" xmlns:xmi="http://www.omg.org/XMI" xmlns:xsi="http://www.w3.org/2001/XMLSchema-instance" xmlns:org.fordiac.ide.model.ui="org.fordiac.ide.model.ui">
  <children xsi:type="org.fordiac.ide.model.ui:FBView" fb="//@fbNetwork/@fBs.0">
    <position x="342" y="209"/>
    <backgroundColor red="192" green="192" blue="192"/>
    <interfaceElements iInterfaceElement="//@fbNetwork/@fBs.0/@interface/@eventInputs.0" inConnections="//@connections.8" fbNetwork="//@fbNetwork"/>
    <interfaceElements iInterfaceElement="//@fbNetwork/@fBs.0/@interface/@inputVars.0" inConnections="//@connections.6" fbNetwork="//@fbNetwork"/>
    <interfaceElements iInterfaceElement="//@fbNetwork/@fBs.0/@interface/@eventOutputs.0" outConnections="//@connections.19" fbNetwork="//@fbNetwork"/>
    <interfaceElements iInterfaceElement="//@fbNetwork/@fBs.0/@interface/@outputVars.0" outConnections="//@connections.0" fbNetwork="//@fbNetwork"/>
  </children>
  <children xsi:type="org.fordiac.ide.model.ui:FBView" fb="//@fbNetwork/@fBs.1">
    <position x="323" y="399"/>
    <backgroundColor red="192" green="192" blue="192"/>
    <interfaceElements iInterfaceElement="//@fbNetwork/@fBs.1/@interface/@eventInputs.0" inConnections="//@connections.12" fbNetwork="//@fbNetwork"/>
    <interfaceElements iInterfaceElement="//@fbNetwork/@fBs.1/@interface/@inputVars.0" inConnections="//@connections.7" fbNetwork="//@fbNetwork"/>
    <interfaceElements iInterfaceElement="//@fbNetwork/@fBs.1/@interface/@eventOutputs.0" outConnections="//@connections.14" fbNetwork="//@fbNetwork"/>
    <interfaceElements iInterfaceElement="//@fbNetwork/@fBs.1/@interface/@outputVars.0" outConnections="//@connections.1" fbNetwork="//@fbNetwork"/>
  </children>
  <children xsi:type="org.fordiac.ide.model.ui:FBView" fb="//@fbNetwork/@fBs.2">
    <position x="323" y="589"/>
    <backgroundColor red="192" green="192" blue="192"/>
    <interfaceElements iInterfaceElement="//@fbNetwork/@fBs.2/@interface/@eventInputs.0" inConnections="//@connections.13" fbNetwork="//@fbNetwork"/>
    <interfaceElements iInterfaceElement="//@fbNetwork/@fBs.2/@interface/@inputVars.0" inConnections="//@connections.10" fbNetwork="//@fbNetwork"/>
    <interfaceElements iInterfaceElement="//@fbNetwork/@fBs.2/@interface/@eventOutputs.0" outConnections="//@connections.15" fbNetwork="//@fbNetwork"/>
    <interfaceElements iInterfaceElement="//@fbNetwork/@fBs.2/@interface/@outputVars.0" outConnections="//@connections.2" fbNetwork="//@fbNetwork"/>
  </children>
  <children xsi:type="org.fordiac.ide.model.ui:FBView" fb="//@fbNetwork/@fBs.3">
    <position x="741" y="399"/>
    <backgroundColor red="192" green="192" blue="192"/>
    <interfaceElements iInterfaceElement="//@fbNetwork/@fBs.3/@interface/@eventInputs.0" inConnections="//@connections.22" fbNetwork="//@fbNetwork"/>
    <interfaceElements iInterfaceElement="//@fbNetwork/@fBs.3/@interface/@inputVars.0" inConnections="//@connections.0" fbNetwork="//@fbNetwork"/>
    <interfaceElements iInterfaceElement="//@fbNetwork/@fBs.3/@interface/@inputVars.1" inConnections="//@connections.1" fbNetwork="//@fbNetwork"/>
    <interfaceElements iInterfaceElement="//@fbNetwork/@fBs.3/@interface/@inputVars.2" inConnections="//@connections.2" fbNetwork="//@fbNetwork"/>
    <interfaceElements iInterfaceElement="//@fbNetwork/@fBs.3/@interface/@inputVars.3" inConnections="//@connections.23" fbNetwork="//@fbNetwork"/>
    <interfaceElements iInterfaceElement="//@fbNetwork/@fBs.3/@interface/@inputVars.4" fbNetwork="//@fbNetwork"/>
    <interfaceElements iInterfaceElement="//@fbNetwork/@fBs.3/@interface/@inputVars.5" fbNetwork="//@fbNetwork"/>
    <interfaceElements iInterfaceElement="//@fbNetwork/@fBs.3/@interface/@inputVars.6" fbNetwork="//@fbNetwork"/>
    <interfaceElements iInterfaceElement="//@fbNetwork/@fBs.3/@interface/@eventOutputs.0" outConnections="//@connections.3" fbNetwork="//@fbNetwork"/>
    <interfaceElements iInterfaceElement="//@fbNetwork/@fBs.3/@interface/@outputVars.0" outConnections="//@connections.4" fbNetwork="//@fbNetwork"/>
  </children>
  <children xsi:type="org.fordiac.ide.model.ui:FBView" fb="//@fbNetwork/@fBs.4">
    <position x="950" y="399"/>
    <backgroundColor red="192" green="192" blue="192"/>
    <interfaceElements iInterfaceElement="//@fbNetwork/@fBs.4/@interface/@eventInputs.0" inConnections="//@connections.3" fbNetwork="//@fbNetwork"/>
    <interfaceElements iInterfaceElement="//@fbNetwork/@fBs.4/@interface/@inputVars.0" inConnections="//@connections.4" fbNetwork="//@fbNetwork"/>
    <interfaceElements iInterfaceElement="//@fbNetwork/@fBs.4/@interface/@eventOutputs.0" outConnections="//@connections.18" fbNetwork="//@fbNetwork"/>
    <interfaceElements iInterfaceElement="//@fbNetwork/@fBs.4/@interface/@outputVars.0" outConnections="//@connections.5" fbNetwork="//@fbNetwork"/>
  </children>
  <children xsi:type="org.fordiac.ide.model.ui:FBView" fb="//@fbNetwork/@fBs.5">
    <position x="171" y="171"/>
    <backgroundColor red="192" green="192" blue="192"/>
    <interfaceElements iInterfaceElement="//@fbNetwork/@fBs.5/@interface/@eventInputs.0" fbNetwork="//@fbNetwork"/>
    <interfaceElements iInterfaceElement="//@fbNetwork/@fBs.5/@interface/@eventInputs.1" inConnections="//@connections.18" fbNetwork="//@fbNetwork"/>
    <interfaceElements iInterfaceElement="//@fbNetwork/@fBs.5/@interface/@inputVars.0" fbNetwork="//@fbNetwork"/>
    <interfaceElements iInterfaceElement="//@fbNetwork/@fBs.5/@interface/@inputVars.1" fbNetwork="//@fbNetwork"/>
    <interfaceElements iInterfaceElement="//@fbNetwork/@fBs.5/@interface/@inputVars.2" inConnections="//@connections.5" fbNetwork="//@fbNetwork"/>
    <interfaceElements iInterfaceElement="//@fbNetwork/@fBs.5/@interface/@eventOutputs.0" outConnections="//@connections.9" fbNetwork="//@fbNetwork"/>
    <interfaceElements iInterfaceElement="//@fbNetwork/@fBs.5/@interface/@eventOutputs.1" outConnections="//@connections.8" fbNetwork="//@fbNetwork"/>
    <interfaceElements iInterfaceElement="//@fbNetwork/@fBs.5/@interface/@outputVars.0" fbNetwork="//@fbNetwork"/>
    <interfaceElements iInterfaceElement="//@fbNetwork/@fBs.5/@interface/@outputVars.1" fbNetwork="//@fbNetwork"/>
    <interfaceElements iInterfaceElement="//@fbNetwork/@fBs.5/@interface/@outputVars.2" outConnections="//@connections.6" fbNetwork="//@fbNetwork"/>
    <interfaceElements iInterfaceElement="//@fbNetwork/@fBs.5/@interface/@outputVars.3" outConnections="//@connections.23" fbNetwork="//@fbNetwork"/>
  </children>
  <children xsi:type="org.fordiac.ide.model.ui:FBView" fb="//@fbNetwork/@fBs.6">
    <position x="171" y="380"/>
    <backgroundColor red="192" green="192" blue="192"/>
    <interfaceElements iInterfaceElement="//@fbNetwork/@fBs.6/@interface/@eventInputs.0" inConnections="//@connections.9" fbNetwork="//@fbNetwork"/>
    <interfaceElements iInterfaceElement="//@fbNetwork/@fBs.6/@interface/@eventInputs.1" inConnections="//@connections.17" fbNetwork="//@fbNetwork"/>
    <interfaceElements iInterfaceElement="//@fbNetwork/@fBs.6/@interface/@inputVars.0" fbNetwork="//@fbNetwork"/>
    <interfaceElements iInterfaceElement="//@fbNetwork/@fBs.6/@interface/@inputVars.1" fbNetwork="//@fbNetwork"/>
    <interfaceElements iInterfaceElement="//@fbNetwork/@fBs.6/@interface/@eventOutputs.0" outConnections="//@connections.11" fbNetwork="//@fbNetwork"/>
    <interfaceElements iInterfaceElement="//@fbNetwork/@fBs.6/@interface/@eventOutputs.1" outConnections="//@connections.12" fbNetwork="//@fbNetwork"/>
    <interfaceElements iInterfaceElement="//@fbNetwork/@fBs.6/@interface/@outputVars.0" fbNetwork="//@fbNetwork"/>
    <interfaceElements iInterfaceElement="//@fbNetwork/@fBs.6/@interface/@outputVars.1" fbNetwork="//@fbNetwork"/>
    <interfaceElements iInterfaceElement="//@fbNetwork/@fBs.6/@interface/@outputVars.2" outConnections="//@connections.7" fbNetwork="//@fbNetwork"/>
  </children>
  <children xsi:type="org.fordiac.ide.model.ui:FBView" fb="//@fbNetwork/@fBs.7">
    <position x="171" y="570"/>
    <backgroundColor red="192" green="192" blue="192"/>
    <interfaceElements iInterfaceElement="//@fbNetwork/@fBs.7/@interface/@eventInputs.0" inConnections="//@connections.11" fbNetwork="//@fbNetwork"/>
    <interfaceElements iInterfaceElement="//@fbNetwork/@fBs.7/@interface/@eventInputs.1" inConnections="//@connections.16" fbNetwork="//@fbNetwork"/>
    <interfaceElements iInterfaceElement="//@fbNetwork/@fBs.7/@interface/@inputVars.0" fbNetwork="//@fbNetwork"/>
    <interfaceElements iInterfaceElement="//@fbNetwork/@fBs.7/@interface/@inputVars.1" fbNetwork="//@fbNetwork"/>
    <interfaceElements iInterfaceElement="//@fbNetwork/@fBs.7/@interface/@eventOutputs.0" fbNetwork="//@fbNetwork"/>
    <interfaceElements iInterfaceElement="//@fbNetwork/@fBs.7/@interface/@eventOutputs.1" outConnections="//@connections.13" fbNetwork="//@fbNetwork"/>
    <interfaceElements iInterfaceElement="//@fbNetwork/@fBs.7/@interface/@outputVars.0" fbNetwork="//@fbNetwork"/>
    <interfaceElements iInterfaceElement="//@fbNetwork/@fBs.7/@interface/@outputVars.1" fbNetwork="//@fbNetwork"/>
    <interfaceElements iInterfaceElement="//@fbNetwork/@fBs.7/@interface/@outputVars.2" outConnections="//@connections.10" fbNetwork="//@fbNetwork"/>
  </children>
  <children xsi:type="org.fordiac.ide.model.ui:FBView" fb="//@fbNetwork/@fBs.8">
    <position x="475" y="380"/>
    <backgroundColor red="192" green="192" blue="192"/>
    <interfaceElements iInterfaceElement="//@fbNetwork/@fBs.8/@interface/@eventInputs.0" inConnections="//@connections.14" fbNetwork="//@fbNetwork"/>
    <interfaceElements iInterfaceElement="//@fbNetwork/@fBs.8/@interface/@eventOutputs.0" outConnections="//@connections.20" fbNetwork="//@fbNetwork"/>
    <interfaceElements iInterfaceElement="//@fbNetwork/@fBs.8/@interface/@eventOutputs.1" outConnections="//@connections.17" fbNetwork="//@fbNetwork"/>
  </children>
  <children xsi:type="org.fordiac.ide.model.ui:FBView" fb="//@fbNetwork/@fBs.9">
    <position x="475" y="589"/>
    <backgroundColor red="192" green="192" blue="192"/>
    <interfaceElements iInterfaceElement="//@fbNetwork/@fBs.9/@interface/@eventInputs.0" inConnections="//@connections.15" fbNetwork="//@fbNetwork"/>
    <interfaceElements iInterfaceElement="//@fbNetwork/@fBs.9/@interface/@eventOutputs.0" outConnections="//@connections.21" fbNetwork="//@fbNetwork"/>
    <interfaceElements iInterfaceElement="//@fbNetwork/@fBs.9/@interface/@eventOutputs.1" outConnections="//@connections.16" fbNetwork="//@fbNetwork"/>
  </children>
  <children xsi:type="org.fordiac.ide.model.ui:FBView" fb="//@fbNetwork/@fBs.10">
    <position x="608" y="323"/>
    <backgroundColor red="192" green="192" blue="192"/>
    <interfaceElements iInterfaceElement="//@fbNetwork/@fBs.10/@interface/@eventInputs.0" inConnections="//@connections.19" fbNetwork="//@fbNetwork"/>
    <interfaceElements iInterfaceElement="//@fbNetwork/@fBs.10/@interface/@eventInputs.1" inConnections="//@connections.20" fbNetwork="//@fbNetwork"/>
    <interfaceElements iInterfaceElement="//@fbNetwork/@fBs.10/@interface/@eventInputs.2" inConnections="//@connections.21" fbNetwork="//@fbNetwork"/>
    <interfaceElements iInterfaceElement="//@fbNetwork/@fBs.10/@interface/@eventInputs.3" fbNetwork="//@fbNetwork"/>
    <interfaceElements iInterfaceElement="//@fbNetwork/@fBs.10/@interface/@eventOutputs.0" outConnections="//@connections.22" fbNetwork="//@fbNetwork"/>
  </children>
  <connections xsi:type="org.fordiac.ide.model.ui:ConnectionView" connectionElement="//@fbNetwork/@dataConnections.0" source="//@children.0/@interfaceElements.3" destination="//@children.3/@interfaceElements.1"/>
  <connections xsi:type="org.fordiac.ide.model.ui:ConnectionView" connectionElement="//@fbNetwork/@dataConnections.1" source="//@children.1/@interfaceElements.3" destination="//@children.3/@interfaceElements.2"/>
  <connections xsi:type="org.fordiac.ide.model.ui:ConnectionView" connectionElement="//@fbNetwork/@dataConnections.2" source="//@children.2/@interfaceElements.3" destination="//@children.3/@interfaceElements.3"/>
  <connections xsi:type="org.fordiac.ide.model.ui:ConnectionView" connectionElement="//@fbNetwork/@eventConnections.0" source="//@children.3/@interfaceElements.8" destination="//@children.4/@interfaceElements.0"/>
  <connections xsi:type="org.fordiac.ide.model.ui:ConnectionView" connectionElement="//@fbNetwork/@dataConnections.3" source="//@children.3/@interfaceElements.9" destination="//@children.4/@interfaceElements.1"/>
  <connections xsi:type="org.fordiac.ide.model.ui:ConnectionView" connectionElement="//@fbNetwork/@dataConnections.4" source="//@children.4/@interfaceElements.3" destination="//@children.5/@interfaceElements.4"/>
  <connections xsi:type="org.fordiac.ide.model.ui:ConnectionView" connectionElement="//@fbNetwork/@dataConnections.5" source="//@children.5/@interfaceElements.9" destination="//@children.0/@interfaceElements.1"/>
  <connections xsi:type="org.fordiac.ide.model.ui:ConnectionView" connectionElement="//@fbNetwork/@dataConnections.6" source="//@children.6/@interfaceElements.8" destination="//@children.1/@interfaceElements.1"/>
  <connections xsi:type="org.fordiac.ide.model.ui:ConnectionView" connectionElement="//@fbNetwork/@eventConnections.1" source="//@children.5/@interfaceElements.6" destination="//@children.0/@interfaceElements.0"/>
  <connections xsi:type="org.fordiac.ide.model.ui:ConnectionView" connectionElement="//@fbNetwork/@eventConnections.2" source="//@children.5/@interfaceElements.5" destination="//@children.6/@interfaceElements.0"/>
  <connections xsi:type="org.fordiac.ide.model.ui:ConnectionView" connectionElement="//@fbNetwork/@dataConnections.7" source="//@children.7/@interfaceElements.8" destination="//@children.2/@interfaceElements.1"/>
  <connections xsi:type="org.fordiac.ide.model.ui:ConnectionView" connectionElement="//@fbNetwork/@eventConnections.3" source="//@children.6/@interfaceElements.4" destination="//@children.7/@interfaceElements.0"/>
  <connections xsi:type="org.fordiac.ide.model.ui:ConnectionView" connectionElement="//@fbNetwork/@eventConnections.4" source="//@children.6/@interfaceElements.5" destination="//@children.1/@interfaceElements.0"/>
  <connections xsi:type="org.fordiac.ide.model.ui:ConnectionView" connectionElement="//@fbNetwork/@eventConnections.5" source="//@children.7/@interfaceElements.5" destination="//@children.2/@interfaceElements.0"/>
  <connections xsi:type="org.fordiac.ide.model.ui:ConnectionView" connectionElement="//@fbNetwork/@eventConnections.6" source="//@children.1/@interfaceElements.2" destination="//@children.8/@interfaceElements.0"/>
  <connections xsi:type="org.fordiac.ide.model.ui:ConnectionView" connectionElement="//@fbNetwork/@eventConnections.7" source="//@children.2/@interfaceElements.2" destination="//@children.9/@interfaceElements.0"/>
  <connections xsi:type="org.fordiac.ide.model.ui:ConnectionView" connectionElement="//@fbNetwork/@eventConnections.8" source="//@children.9/@interfaceElements.2" destination="//@children.7/@interfaceElements.1"/>
  <connections xsi:type="org.fordiac.ide.model.ui:ConnectionView" connectionElement="//@fbNetwork/@eventConnections.9" source="//@children.8/@interfaceElements.2" destination="//@children.6/@interfaceElements.1"/>
  <connections xsi:type="org.fordiac.ide.model.ui:ConnectionView" connectionElement="//@fbNetwork/@eventConnections.10" source="//@children.4/@interfaceElements.2" destination="//@children.5/@interfaceElements.1"/>
  <connections xsi:type="org.fordiac.ide.model.ui:ConnectionView" connectionElement="//@fbNetwork/@eventConnections.11" source="//@children.0/@interfaceElements.2" destination="//@children.10/@interfaceElements.0"/>
  <connections xsi:type="org.fordiac.ide.model.ui:ConnectionView" connectionElement="//@fbNetwork/@eventConnections.12" source="//@children.8/@interfaceElements.1" destination="//@children.10/@interfaceElements.1"/>
  <connections xsi:type="org.fordiac.ide.model.ui:ConnectionView" connectionElement="//@fbNetwork/@eventConnections.13" source="//@children.9/@interfaceElements.1" destination="//@children.10/@interfaceElements.2"/>
  <connections xsi:type="org.fordiac.ide.model.ui:ConnectionView" connectionElement="//@fbNetwork/@eventConnections.14" source="//@children.10/@interfaceElements.4" destination="//@children.3/@interfaceElements.0"/>
  <connections xsi:type="org.fordiac.ide.model.ui:ConnectionView" connectionElement="//@fbNetwork/@dataConnections.8" source="//@children.5/@interfaceElements.10" destination="//@children.3/@interfaceElements.4"/>
  <fbNetwork>
    <fBs name="LREAL2LREAL_3" identifier="true" id="_MH1D8FGsEeetkccXipq2qA" fbtPath="convert\LREAL2LREAL.fbt">
      <interface>
        <eventInputs name="REQ" comment="Normal Execution Request" isInput="true" inputConnections="//@fbNetwork/@eventConnections.1">
          <with variables="//@fbNetwork/@fBs.0/@interface/@inputVars.0"/>
        </eventInputs>
        <eventOutputs name="CNF" comment="Execution Confirmation" outputConnections="//@fbNetwork/@eventConnections.11">
          <with variables="//@fbNetwork/@fBs.0/@interface/@outputVars.0"/>
        </eventOutputs>
        <inputVars name="IN" comment="Input event qualifier" isInput="true" arraySize="-1" inputConnections="//@fbNetwork/@dataConnections.5" typeName="LREAL" withs="//@fbNetwork/@fBs.0/@interface/@eventInputs.0/@with.0">
          <value/>
        </inputVars>
        <outputVars name="OUT" comment="Output event qualifier" arraySize="-1" outputConnections="//@fbNetwork/@dataConnections.0" typeName="LREAL" withs="//@fbNetwork/@fBs.0/@interface/@eventOutputs.0/@with.0"/>
      </interface>
      <position x="342" y="209"/>
    </fBs>
    <fBs name="LREAL2LREAL_3_0" identifier="true" id="_ZIQ0YFGsEeetkccXipq2qA" fbtPath="convert\LREAL2LREAL.fbt">
      <interface>
        <eventInputs name="REQ" comment="Normal Execution Request" isInput="true" inputConnections="//@fbNetwork/@eventConnections.4">
          <with variables="//@fbNetwork/@fBs.1/@interface/@inputVars.0"/>
        </eventInputs>
        <eventOutputs name="CNF" comment="Execution Confirmation" outputConnections="//@fbNetwork/@eventConnections.6">
          <with variables="//@fbNetwork/@fBs.1/@interface/@outputVars.0"/>
        </eventOutputs>
        <inputVars name="IN" comment="Input event qualifier" isInput="true" arraySize="-1" inputConnections="//@fbNetwork/@dataConnections.6" typeName="LREAL" withs="//@fbNetwork/@fBs.1/@interface/@eventInputs.0/@with.0">
          <value/>
        </inputVars>
        <outputVars name="OUT" comment="Output event qualifier" arraySize="-1" outputConnections="//@fbNetwork/@dataConnections.1" typeName="LREAL" withs="//@fbNetwork/@fBs.1/@interface/@eventOutputs.0/@with.0"/>
      </interface>
      <position x="323" y="399"/>
    </fBs>
    <fBs name="LREAL2LREAL_3_1" identifier="true" id="_alSMAFGsEeetkccXipq2qA" fbtPath="convert\LREAL2LREAL.fbt">
      <interface>
        <eventInputs name="REQ" comment="Normal Execution Request" isInput="true" inputConnections="//@fbNetwork/@eventConnections.5">
          <with variables="//@fbNetwork/@fBs.2/@interface/@inputVars.0"/>
        </eventInputs>
        <eventOutputs name="CNF" comment="Execution Confirmation" outputConnections="//@fbNetwork/@eventConnections.7">
          <with variables="//@fbNetwork/@fBs.2/@interface/@outputVars.0"/>
        </eventOutputs>
        <inputVars name="IN" comment="Input event qualifier" isInput="true" arraySize="-1" inputConnections="//@fbNetwork/@dataConnections.7" typeName="LREAL" withs="//@fbNetwork/@fBs.2/@interface/@eventInputs.0/@with.0">
          <value/>
        </inputVars>
        <outputVars name="OUT" comment="Output event qualifier" arraySize="-1" outputConnections="//@fbNetwork/@dataConnections.2" typeName="LREAL" withs="//@fbNetwork/@fBs.2/@interface/@eventOutputs.0/@with.0"/>
      </interface>
      <position x="323" y="589"/>
    </fBs>
    <fBs name="PVDERATOR_NMIN_MEAN" identifier="true" id="_9HJg8FHVEeetkccXipq2qA" fbtPath="PVTController\PVderation\PVDERATOR_NMIN_MEAN.fbt">
      <interface>
        <eventInputs name="REQ" comment="Normal Execution Request" isInput="true" inputConnections="//@fbNetwork/@eventConnections.14">
          <with variables="//@fbNetwork/@fBs.3/@interface/@inputVars.0"/>
          <with variables="//@fbNetwork/@fBs.3/@interface/@inputVars.1"/>
          <with variables="//@fbNetwork/@fBs.3/@interface/@inputVars.2"/>
          <with variables="//@fbNetwork/@fBs.3/@interface/@inputVars.5"/>
          <with variables="//@fbNetwork/@fBs.3/@interface/@inputVars.4"/>
          <with variables="//@fbNetwork/@fBs.3/@interface/@inputVars.3"/>
          <with variables="//@fbNetwork/@fBs.3/@interface/@inputVars.6"/>
        </eventInputs>
        <eventOutputs name="CNF" comment="Execution Confirmation" outputConnections="//@fbNetwork/@eventConnections.0">
          <with variables="//@fbNetwork/@fBs.3/@interface/@outputVars.0"/>
        </eventOutputs>
        <inputVars name="PPV" comment="PV power in W" isInput="true" arraySize="-1" inputConnections="//@fbNetwork/@dataConnections.0" typeName="LREAL" withs="//@fbNetwork/@fBs.3/@interface/@eventInputs.0/@with.0">
          <value/>
        </inputVars>
        <inputVars name="PLD" comment="Load in W" isInput="true" inputConnections="//@fbNetwork/@dataConnections.1" typeName="LREAL" withs="//@fbNetwork/@fBs.3/@interface/@eventInputs.0/@with.1">
          <value/>
        </inputVars>
        <inputVars name="PBAT" comment="Battery power (+charge, -discharge) in W" isInput="true" inputConnections="//@fbNetwork/@dataConnections.2" typeName="LREAL" withs="//@fbNetwork/@fBs.3/@interface/@eventInputs.0/@with.2">
          <value/>
        </inputVars>
        <inputVars name="TS" comment="Time stamp" isInput="true" inputConnections="//@fbNetwork/@dataConnections.8" typeName="DATE_AND_TIME" withs="//@fbNetwork/@fBs.3/@interface/@eventInputs.0/@with.5">
          <value/>
        </inputVars>
        <inputVars name="N" comment="Time interval of running mean in min" isInput="true" typeName="UINT" withs="//@fbNetwork/@fBs.3/@interface/@eventInputs.0/@with.4">
          <value value="UINT#10"/>
        </inputVars>
        <inputVars name="FLSET" comment="Set limit to N min mean of grid feed-in in kW/kWp" isInput="true" typeName="LREAL" withs="//@fbNetwork/@fBs.3/@interface/@eventInputs.0/@with.3">
          <value value="LREAL#0.5"/>
        </inputVars>
        <inputVars name="PSTC" comment="Nominal PV capacity in kWp" isInput="true" typeName="LREAL" withs="//@fbNetwork/@fBs.3/@interface/@eventInputs.0/@with.6">
          <value value="LREAL#5"/>
        </inputVars>
        <outputVars name="DF" comment="Derating factor" arraySize="-1" outputConnections="//@fbNetwork/@dataConnections.3" typeName="LREAL" withs="//@fbNetwork/@fBs.3/@interface/@eventOutputs.0/@with.0"/>
      </interface>
      <position x="741" y="399"/>
    </fBs>
    <fBs name="LREAL2LREAL_4" identifier="true" id="_m1PvsFHWEeetkccXipq2qA" fbtPath="convert\LREAL2LREAL.fbt">
      <interface>
        <eventInputs name="REQ" comment="Normal Execution Request" isInput="true" inputConnections="//@fbNetwork/@eventConnections.0">
          <with variables="//@fbNetwork/@fBs.4/@interface/@inputVars.0"/>
        </eventInputs>
        <eventOutputs name="CNF" comment="Execution Confirmation" outputConnections="//@fbNetwork/@eventConnections.10">
          <with variables="//@fbNetwork/@fBs.4/@interface/@outputVars.0"/>
        </eventOutputs>
        <inputVars name="IN" comment="Input event qualifier" isInput="true" arraySize="-1" inputConnections="//@fbNetwork/@dataConnections.3" typeName="LREAL" withs="//@fbNetwork/@fBs.4/@interface/@eventInputs.0/@with.0">
          <value/>
        </inputVars>
        <outputVars name="OUT" comment="Output event qualifier" arraySize="-1" outputConnections="//@fbNetwork/@dataConnections.4" typeName="LREAL" withs="//@fbNetwork/@fBs.4/@interface/@eventOutputs.0/@with.0"/>
      </interface>
      <position x="950" y="399"/>
    </fBs>
    <fBs name="PV_GENERATOR" identifier="true" id="_Hsy4gFGrEeetkccXipq2qA" fbtPath="net\SERVER_1_2.fbt">
      <interface>
        <eventInputs name="INIT" comment="Service Initialization" isInput="true">
          <with variables="//@fbNetwork/@fBs.5/@interface/@inputVars.0"/>
          <with variables="//@fbNetwork/@fBs.5/@interface/@inputVars.1"/>
        </eventInputs>
        <eventInputs name="RSP" comment="Service Response" isInput="true" inputConnections="//@fbNetwork/@eventConnections.10">
          <with variables="//@fbNetwork/@fBs.5/@interface/@inputVars.0"/>
          <with variables="//@fbNetwork/@fBs.5/@interface/@inputVars.2"/>
        </eventInputs>
        <eventOutputs name="INITO" comment="Initialization Confirm" outputConnections="//@fbNetwork/@eventConnections.2">
          <with variables="//@fbNetwork/@fBs.5/@interface/@outputVars.0"/>
          <with variables="//@fbNetwork/@fBs.5/@interface/@outputVars.1"/>
        </eventOutputs>
        <eventOutputs name="IND" comment="Service Indication" outputConnections="//@fbNetwork/@eventConnections.1">
          <with variables="//@fbNetwork/@fBs.5/@interface/@outputVars.0"/>
          <with variables="//@fbNetwork/@fBs.5/@interface/@outputVars.1"/>
          <with variables="//@fbNetwork/@fBs.5/@interface/@outputVars.2"/>
          <with variables="//@fbNetwork/@fBs.5/@interface/@outputVars.3"/>
        </eventOutputs>
        <inputVars name="QI" comment="Event Input Qualifier" isInput="true" arraySize="-1" typeName="BOOL" withs="//@fbNetwork/@fBs.5/@interface/@eventInputs.0/@with.0 //@fbNetwork/@fBs.5/@interface/@eventInputs.1/@with.0">
          <value value="TRUE"/>
        </inputVars>
        <inputVars name="ID" comment="Connection Identifier" isInput="true" arraySize="-1" typeName="WSTRING" withs="//@fbNetwork/@fBs.5/@interface/@eventInputs.0/@with.1">
          <value value="localhost:61500"/>
        </inputVars>
        <inputVars name="SD_1" comment="Data to Send" isInput="true" arraySize="-1" inputConnections="//@fbNetwork/@dataConnections.4" typeName="ANY" withs="//@fbNetwork/@fBs.5/@interface/@eventInputs.1/@with.1">
          <value/>
        </inputVars>
        <outputVars name="QO" comment="Event Output Qualifier" arraySize="-1" typeName="BOOL" withs="//@fbNetwork/@fBs.5/@interface/@eventOutputs.0/@with.0 //@fbNetwork/@fBs.5/@interface/@eventOutputs.1/@with.0"/>
        <outputVars name="STATUS" comment="Service Status" arraySize="-1" typeName="WSTRING" withs="//@fbNetwork/@fBs.5/@interface/@eventOutputs.0/@with.1 //@fbNetwork/@fBs.5/@interface/@eventOutputs.1/@with.1"/>
        <outputVars name="RD_1" comment="Received Data" arraySize="-1" outputConnections="//@fbNetwork/@dataConnections.5" typeName="ANY" withs="//@fbNetwork/@fBs.5/@interface/@eventOutputs.1/@with.2"/>
        <outputVars name="RD_2" comment="Received Data" arraySize="-1" outputConnections="//@fbNetwork/@dataConnections.8" typeName="ANY" withs="//@fbNetwork/@fBs.5/@interface/@eventOutputs.1/@with.3"/>
      </interface>
      <position x="171" y="171"/>
    </fBs>
    <fBs name="LOAD_METER" identifier="true" id="_t5jHcFGrEeetkccXipq2qA" fbtPath="net\SERVER_0_1.fbt">
      <interface>
        <eventInputs name="INIT" comment="Service Initialization" isInput="true" inputConnections="//@fbNetwork/@eventConnections.2">
          <with variables="//@fbNetwork/@fBs.6/@interface/@inputVars.0"/>
          <with variables="//@fbNetwork/@fBs.6/@interface/@inputVars.1"/>
        </eventInputs>
        <eventInputs name="RSP" comment="Service Response" isInput="true" inputConnections="//@fbNetwork/@eventConnections.9">
          <with variables="//@fbNetwork/@fBs.6/@interface/@inputVars.0"/>
        </eventInputs>
        <eventOutputs name="INITO" comment="Initialization Confirm" outputConnections="//@fbNetwork/@eventConnections.3">
          <with variables="//@fbNetwork/@fBs.6/@interface/@outputVars.0"/>
          <with variables="//@fbNetwork/@fBs.6/@interface/@outputVars.1"/>
        </eventOutputs>
        <eventOutputs name="IND" comment="Service Indication" outputConnections="//@fbNetwork/@eventConnections.4">
          <with variables="//@fbNetwork/@fBs.6/@interface/@outputVars.0"/>
          <with variables="//@fbNetwork/@fBs.6/@interface/@outputVars.1"/>
          <with variables="//@fbNetwork/@fBs.6/@interface/@outputVars.2"/>
        </eventOutputs>
        <inputVars name="QI" comment="Event Input Qualifier" isInput="true" arraySize="-1" typeName="BOOL" withs="//@fbNetwork/@fBs.6/@interface/@eventInputs.0/@with.0 //@fbNetwork/@fBs.6/@interface/@eventInputs.1/@with.0">
          <value value="TRUE"/>
        </inputVars>
        <inputVars name="ID" comment="Connection Identifier" isInput="true" arraySize="-1" typeName="WSTRING" withs="//@fbNetwork/@fBs.6/@interface/@eventInputs.0/@with.1">
          <value value="localhost:61501"/>
        </inputVars>
        <outputVars name="QO" comment="Event Output Qualifier" arraySize="-1" typeName="BOOL" withs="//@fbNetwork/@fBs.6/@interface/@eventOutputs.0/@with.0 //@fbNetwork/@fBs.6/@interface/@eventOutputs.1/@with.0"/>
        <outputVars name="STATUS" comment="Service Status" arraySize="-1" typeName="WSTRING" withs="//@fbNetwork/@fBs.6/@interface/@eventOutputs.0/@with.1 //@fbNetwork/@fBs.6/@interface/@eventOutputs.1/@with.1"/>
        <outputVars name="RD_1" comment="Received Data" arraySize="-1" outputConnections="//@fbNetwork/@dataConnections.6" typeName="ANY" withs="//@fbNetwork/@fBs.6/@interface/@eventOutputs.1/@with.2"/>
      </interface>
      <position x="171" y="380"/>
    </fBs>
    <fBs name="BATTERY" identifier="true" id="_7MOecFGrEeetkccXipq2qA" fbtPath="net\SERVER_0_1.fbt">
      <interface>
        <eventInputs name="INIT" comment="Service Initialization" isInput="true" inputConnections="//@fbNetwork/@eventConnections.3">
          <with variables="//@fbNetwork/@fBs.7/@interface/@inputVars.0"/>
          <with variables="//@fbNetwork/@fBs.7/@interface/@inputVars.1"/>
        </eventInputs>
        <eventInputs name="RSP" comment="Service Response" isInput="true" inputConnections="//@fbNetwork/@eventConnections.8">
          <with variables="//@fbNetwork/@fBs.7/@interface/@inputVars.0"/>
        </eventInputs>
        <eventOutputs name="INITO" comment="Initialization Confirm">
          <with variables="//@fbNetwork/@fBs.7/@interface/@outputVars.0"/>
          <with variables="//@fbNetwork/@fBs.7/@interface/@outputVars.1"/>
        </eventOutputs>
        <eventOutputs name="IND" comment="Service Indication" outputConnections="//@fbNetwork/@eventConnections.5">
          <with variables="//@fbNetwork/@fBs.7/@interface/@outputVars.0"/>
          <with variables="//@fbNetwork/@fBs.7/@interface/@outputVars.1"/>
          <with variables="//@fbNetwork/@fBs.7/@interface/@outputVars.2"/>
        </eventOutputs>
        <inputVars name="QI" comment="Event Input Qualifier" isInput="true" arraySize="-1" typeName="BOOL" withs="//@fbNetwork/@fBs.7/@interface/@eventInputs.0/@with.0 //@fbNetwork/@fBs.7/@interface/@eventInputs.1/@with.0">
          <value value="TRUE"/>
        </inputVars>
        <inputVars name="ID" comment="Connection Identifier" isInput="true" arraySize="-1" typeName="WSTRING" withs="//@fbNetwork/@fBs.7/@interface/@eventInputs.0/@with.1">
          <value value="localhost:61502"/>
        </inputVars>
        <outputVars name="QO" comment="Event Output Qualifier" arraySize="-1" typeName="BOOL" withs="//@fbNetwork/@fBs.7/@interface/@eventOutputs.0/@with.0 //@fbNetwork/@fBs.7/@interface/@eventOutputs.1/@with.0"/>
        <outputVars name="STATUS" comment="Service Status" arraySize="-1" typeName="WSTRING" withs="//@fbNetwork/@fBs.7/@interface/@eventOutputs.0/@with.1 //@fbNetwork/@fBs.7/@interface/@eventOutputs.1/@with.1"/>
        <outputVars name="RD_1" comment="Received Data" arraySize="-1" outputConnections="//@fbNetwork/@dataConnections.7" typeName="ANY" withs="//@fbNetwork/@fBs.7/@interface/@eventOutputs.1/@with.2"/>
      </interface>
      <position x="171" y="570"/>
    </fBs>
    <fBs name="E_SPLIT_5" identifier="true" id="_KEOqEFKUEeeUQL1FTSFjug" fbtPath="events\E_SPLIT.fbt">
      <interface>
        <eventInputs name="EI" comment="Input event" isInput="true" inputConnections="//@fbNetwork/@eventConnections.6"/>
        <eventOutputs name="EO1" comment="First output event" outputConnections="//@fbNetwork/@eventConnections.12"/>
        <eventOutputs name="EO2" comment="Second output event,etc." outputConnections="//@fbNetwork/@eventConnections.9"/>
      </interface>
      <position x="475" y="380"/>
    </fBs>
    <fBs name="E_SPLIT_6" identifier="true" id="_T2P9wFKUEeeUQL1FTSFjug" fbtPath="events\E_SPLIT.fbt">
      <interface>
        <eventInputs name="EI" comment="Input event" isInput="true" inputConnections="//@fbNetwork/@eventConnections.7"/>
        <eventOutputs name="EO1" comment="First output event" outputConnections="//@fbNetwork/@eventConnections.13"/>
        <eventOutputs name="EO2" comment="Second output event,etc." outputConnections="//@fbNetwork/@eventConnections.8"/>
      </interface>
      <position x="475" y="589"/>
    </fBs>
    <fBs name="E_REND_3_0" identifier="true" id="_4SLvUFKUEeeUQL1FTSFjug" fbtPath="PVTController\Events\E_REND_3.fbt">
      <interface>
        <eventInputs name="E1" comment="First input event" isInput="true" inputConnections="//@fbNetwork/@eventConnections.11"/>
        <eventInputs name="E2" comment="Second input event" isInput="true" inputConnections="//@fbNetwork/@eventConnections.12"/>
        <eventInputs name="E3" comment="Third input event" isInput="true" inputConnections="//@fbNetwork/@eventConnections.13"/>
        <eventInputs name="R" comment="Fith input event" isInput="true"/>
        <eventOutputs name="EO" comment="Output event" outputConnections="//@fbNetwork/@eventConnections.14"/>
      </interface>
      <position x="608" y="323"/>
    </fBs>
    <dataConnections dx1="31" source="//@fbNetwork/@fBs.0/@interface/@outputVars.0" destination="//@fbNetwork/@fBs.3/@interface/@inputVars.0"/>
    <dataConnections source="//@fbNetwork/@fBs.1/@interface/@outputVars.0" destination="//@fbNetwork/@fBs.3/@interface/@inputVars.1"/>
    <dataConnections source="//@fbNetwork/@fBs.2/@interface/@outputVars.0" destination="//@fbNetwork/@fBs.3/@interface/@inputVars.2"/>
    <dataConnections dx2="-7" dy="-151" source="//@fbNetwork/@fBs.3/@interface/@outputVars.0" destination="//@fbNetwork/@fBs.4/@interface/@inputVars.0"/>
    <dataConnections dx1="49" dx2="-98" dy="-261" source="//@fbNetwork/@fBs.4/@interface/@outputVars.0" destination="//@fbNetwork/@fBs.5/@interface/@inputVars.2"/>
    <dataConnections source="//@fbNetwork/@fBs.5/@interface/@outputVars.2" destination="//@fbNetwork/@fBs.0/@interface/@inputVars.0"/>
    <dataConnections source="//@fbNetwork/@fBs.6/@interface/@outputVars.2" destination="//@fbNetwork/@fBs.1/@interface/@inputVars.0"/>
    <dataConnections source="//@fbNetwork/@fBs.7/@interface/@outputVars.2" destination="//@fbNetwork/@fBs.2/@interface/@inputVars.0"/>
    <dataConnections dx1="457" source="//@fbNetwork/@fBs.5/@interface/@outputVars.3" destination="//@fbNetwork/@fBs.3/@interface/@inputVars.3"/>
    <eventConnections dx2="-50" dy="-42" source="//@fbNetwork/@fBs.3/@interface/@eventOutputs.0" destination="//@fbNetwork/@fBs.4/@interface/@eventInputs.0"/>
    <eventConnections source="//@fbNetwork/@fBs.5/@interface/@eventOutputs.1" destination="//@fbNetwork/@fBs.0/@interface/@eventInputs.0"/>
    <eventConnections dx1="37" dx2="-36" dy="44" source="//@fbNetwork/@fBs.5/@interface/@eventOutputs.0" destination="//@fbNetwork/@fBs.6/@interface/@eventInputs.0"/>
    <eventConnections dx1="41" dy="47" source="//@fbNetwork/@fBs.6/@interface/@eventOutputs.0" destination="//@fbNetwork/@fBs.7/@interface/@eventInputs.0"/>
    <eventConnections source="//@fbNetwork/@fBs.6/@interface/@eventOutputs.1" destination="//@fbNetwork/@fBs.1/@interface/@eventInputs.0"/>
    <eventConnections source="//@fbNetwork/@fBs.7/@interface/@eventOutputs.1" destination="//@fbNetwork/@fBs.2/@interface/@eventInputs.0"/>
    <eventConnections source="//@fbNetwork/@fBs.1/@interface/@eventOutputs.0" destination="//@fbNetwork/@fBs.8/@interface/@eventInputs.0"/>
    <eventConnections source="//@fbNetwork/@fBs.2/@interface/@eventOutputs.0" destination="//@fbNetwork/@fBs.9/@interface/@eventInputs.0"/>
    <eventConnections dx2="-89" dy="93" source="//@fbNetwork/@fBs.9/@interface/@eventOutputs.1" destination="//@fbNetwork/@fBs.7/@interface/@eventInputs.1"/>
    <eventConnections dx2="-90" dy="117" source="//@fbNetwork/@fBs.8/@interface/@eventOutputs.1" destination="//@fbNetwork/@fBs.6/@interface/@eventInputs.1"/>
    <eventConnections dy="-180" source="//@fbNetwork/@fBs.4/@interface/@eventOutputs.0" destination="//@fbNetwork/@fBs.5/@interface/@eventInputs.1"/>
    <eventConnections dx1="51" source="//@fbNetwork/@fBs.0/@interface/@eventOutputs.0" destination="//@fbNetwork/@fBs.10/@interface/@eventInputs.0"/>
    <eventConnections source="//@fbNetwork/@fBs.8/@interface/@eventOutputs.0" destination="//@fbNetwork/@fBs.10/@interface/@eventInputs.1"/>
    <eventConnections dx1="29" source="//@fbNetwork/@fBs.9/@interface/@eventOutputs.0" destination="//@fbNetwork/@fBs.10/@interface/@eventInputs.2"/>
    <eventConnections source="//@fbNetwork/@fBs.10/@interface/@eventOutputs.0" destination="//@fbNetwork/@fBs.3/@interface/@eventInputs.0"/>
    <application href="PVTController.xml#//@application.8"/>
  </fbNetwork>
</org.fordiac.ide.model.ui:UIFBNetwork>
