<?xml version="1.0" encoding="UTF-8"?>
<org.fordiac.ide.model.ui:UIFBNetwork xmi:version="2.0" xmlns:xmi="http://www.omg.org/XMI" xmlns:xsi="http://www.w3.org/2001/XMLSchema-instance" xmlns:org.fordiac.ide.model.ui="org.fordiac.ide.model.ui">
  <children xsi:type="org.fordiac.ide.model.ui:FBView" fb="//@fbNetwork/@fBs.0">
    <position x="228" y="152"/>
    <backgroundColor red="192" green="192" blue="192"/>
    <interfaceElements iInterfaceElement="//@fbNetwork/@fBs.0/@interface/@eventInputs.0" inConnections="//@connections.9" fbNetwork="//@fbNetwork"/>
    <interfaceElements iInterfaceElement="//@fbNetwork/@fBs.0/@interface/@inputVars.0" fbNetwork="//@fbNetwork"/>
    <interfaceElements iInterfaceElement="//@fbNetwork/@fBs.0/@interface/@inputVars.1" fbNetwork="//@fbNetwork"/>
    <interfaceElements iInterfaceElement="//@fbNetwork/@fBs.0/@interface/@inputVars.2" fbNetwork="//@fbNetwork"/>
    <interfaceElements iInterfaceElement="//@fbNetwork/@fBs.0/@interface/@eventOutputs.0" outConnections="//@connections.10" fbNetwork="//@fbNetwork"/>
    <interfaceElements iInterfaceElement="//@fbNetwork/@fBs.0/@interface/@eventOutputs.1" outConnections="//@connections.7" fbNetwork="//@fbNetwork"/>
    <interfaceElements iInterfaceElement="//@fbNetwork/@fBs.0/@interface/@outputVars.0" fbNetwork="//@fbNetwork"/>
    <interfaceElements iInterfaceElement="//@fbNetwork/@fBs.0/@interface/@outputVars.1" fbNetwork="//@fbNetwork"/>
    <interfaceElements iInterfaceElement="//@fbNetwork/@fBs.0/@interface/@outputVars.2" outConnections="//@connections.4" fbNetwork="//@fbNetwork"/>
    <interfaceElements iInterfaceElement="//@fbNetwork/@fBs.0/@interface/@outputVars.3" fbNetwork="//@fbNetwork"/>
    <interfaceElements iInterfaceElement="//@fbNetwork/@fBs.0/@interface/@outputVars.4" outConnections="//@connections.5" fbNetwork="//@fbNetwork"/>
  </children>
  <children xsi:type="org.fordiac.ide.model.ui:FBView" fb="//@fbNetwork/@fBs.1">
    <position x="228" y="361"/>
    <backgroundColor red="192" green="192" blue="192"/>
    <interfaceElements iInterfaceElement="//@fbNetwork/@fBs.1/@interface/@eventInputs.0" fbNetwork="//@fbNetwork"/>
    <interfaceElements iInterfaceElement="//@fbNetwork/@fBs.1/@interface/@inputVars.0" fbNetwork="//@fbNetwork"/>
    <interfaceElements iInterfaceElement="//@fbNetwork/@fBs.1/@interface/@inputVars.1" fbNetwork="//@fbNetwork"/>
    <interfaceElements iInterfaceElement="//@fbNetwork/@fBs.1/@interface/@inputVars.2" fbNetwork="//@fbNetwork"/>
    <interfaceElements iInterfaceElement="//@fbNetwork/@fBs.1/@interface/@eventOutputs.0" outConnections="//@connections.9" fbNetwork="//@fbNetwork"/>
    <interfaceElements iInterfaceElement="//@fbNetwork/@fBs.1/@interface/@eventOutputs.1" outConnections="//@connections.8" fbNetwork="//@fbNetwork"/>
    <interfaceElements iInterfaceElement="//@fbNetwork/@fBs.1/@interface/@outputVars.0" fbNetwork="//@fbNetwork"/>
    <interfaceElements iInterfaceElement="//@fbNetwork/@fBs.1/@interface/@outputVars.1" fbNetwork="//@fbNetwork"/>
    <interfaceElements iInterfaceElement="//@fbNetwork/@fBs.1/@interface/@outputVars.2" outConnections="//@connections.6" fbNetwork="//@fbNetwork"/>
    <interfaceElements iInterfaceElement="//@fbNetwork/@fBs.1/@interface/@outputVars.3" fbNetwork="//@fbNetwork"/>
  </children>
  <children xsi:type="org.fordiac.ide.model.ui:FBView" fb="//@fbNetwork/@fBs.2">
    <position x="741" y="247"/>
    <backgroundColor red="192" green="192" blue="192"/>
    <interfaceElements iInterfaceElement="//@fbNetwork/@fBs.2/@interface/@eventInputs.0" inConnections="//@connections.10" fbNetwork="//@fbNetwork"/>
    <interfaceElements iInterfaceElement="//@fbNetwork/@fBs.2/@interface/@eventInputs.1" inConnections="//@connections.2" fbNetwork="//@fbNetwork"/>
    <interfaceElements iInterfaceElement="//@fbNetwork/@fBs.2/@interface/@inputVars.0" fbNetwork="//@fbNetwork"/>
    <interfaceElements iInterfaceElement="//@fbNetwork/@fBs.2/@interface/@inputVars.1" fbNetwork="//@fbNetwork"/>
    <interfaceElements iInterfaceElement="//@fbNetwork/@fBs.2/@interface/@inputVars.2" inConnections="//@connections.0" fbNetwork="//@fbNetwork"/>
    <interfaceElements iInterfaceElement="//@fbNetwork/@fBs.2/@interface/@inputVars.3" inConnections="//@connections.1" fbNetwork="//@fbNetwork"/>
    <interfaceElements iInterfaceElement="//@fbNetwork/@fBs.2/@interface/@eventOutputs.0" fbNetwork="//@fbNetwork"/>
    <interfaceElements iInterfaceElement="//@fbNetwork/@fBs.2/@interface/@outputVars.0" fbNetwork="//@fbNetwork"/>
    <interfaceElements iInterfaceElement="//@fbNetwork/@fBs.2/@interface/@outputVars.1" fbNetwork="//@fbNetwork"/>
  </children>
  <children xsi:type="org.fordiac.ide.model.ui:FBView" fb="//@fbNetwork/@fBs.3">
    <position x="494" y="285"/>
    <backgroundColor red="192" green="192" blue="192"/>
    <interfaceElements iInterfaceElement="//@fbNetwork/@fBs.3/@interface/@eventInputs.0" inConnections="//@connections.3" fbNetwork="//@fbNetwork"/>
    <interfaceElements iInterfaceElement="//@fbNetwork/@fBs.3/@interface/@inputVars.0" inConnections="//@connections.4" fbNetwork="//@fbNetwork"/>
    <interfaceElements iInterfaceElement="//@fbNetwork/@fBs.3/@interface/@inputVars.1" inConnections="//@connections.6" fbNetwork="//@fbNetwork"/>
    <interfaceElements iInterfaceElement="//@fbNetwork/@fBs.3/@interface/@inputVars.2" fbNetwork="//@fbNetwork"/>
    <interfaceElements iInterfaceElement="//@fbNetwork/@fBs.3/@interface/@inputVars.3" inConnections="//@connections.5" fbNetwork="//@fbNetwork"/>
    <interfaceElements iInterfaceElement="//@fbNetwork/@fBs.3/@interface/@inputVars.4" fbNetwork="//@fbNetwork"/>
    <interfaceElements iInterfaceElement="//@fbNetwork/@fBs.3/@interface/@inputVars.5" fbNetwork="//@fbNetwork"/>
    <interfaceElements iInterfaceElement="//@fbNetwork/@fBs.3/@interface/@eventOutputs.0" outConnections="//@connections.2" fbNetwork="//@fbNetwork"/>
    <interfaceElements iInterfaceElement="//@fbNetwork/@fBs.3/@interface/@outputVars.0" outConnections="//@connections.0" fbNetwork="//@fbNetwork"/>
    <interfaceElements iInterfaceElement="//@fbNetwork/@fBs.3/@interface/@outputVars.1" outConnections="//@connections.1" fbNetwork="//@fbNetwork"/>
  </children>
  <children xsi:type="org.fordiac.ide.model.ui:FBView" fb="//@fbNetwork/@fBs.4">
    <position x="361" y="285"/>
    <backgroundColor red="192" green="192" blue="192"/>
    <interfaceElements iInterfaceElement="//@fbNetwork/@fBs.4/@interface/@eventInputs.0" inConnections="//@connections.7" fbNetwork="//@fbNetwork"/>
    <interfaceElements iInterfaceElement="//@fbNetwork/@fBs.4/@interface/@eventInputs.1" inConnections="//@connections.8" fbNetwork="//@fbNetwork"/>
    <interfaceElements iInterfaceElement="//@fbNetwork/@fBs.4/@interface/@eventInputs.2" fbNetwork="//@fbNetwork"/>
    <interfaceElements iInterfaceElement="//@fbNetwork/@fBs.4/@interface/@eventOutputs.0" outConnections="//@connections.3" fbNetwork="//@fbNetwork"/>
  </children>
  <connections xsi:type="org.fordiac.ide.model.ui:ConnectionView" connectionElement="//@fbNetwork/@dataConnections.3" source="//@children.3/@interfaceElements.8" destination="//@children.2/@interfaceElements.4"/>
  <connections xsi:type="org.fordiac.ide.model.ui:ConnectionView" connectionElement="//@fbNetwork/@dataConnections.4" source="//@children.3/@interfaceElements.9" destination="//@children.2/@interfaceElements.5"/>
  <connections xsi:type="org.fordiac.ide.model.ui:ConnectionView" connectionElement="//@fbNetwork/@eventConnections.4" source="//@children.3/@interfaceElements.7" destination="//@children.2/@interfaceElements.1"/>
  <connections xsi:type="org.fordiac.ide.model.ui:ConnectionView" connectionElement="//@fbNetwork/@eventConnections.5" source="//@children.4/@interfaceElements.3" destination="//@children.3/@interfaceElements.0"/>
  <connections xsi:type="org.fordiac.ide.model.ui:ConnectionView" connectionElement="//@fbNetwork/@dataConnections.0" source="//@children.0/@interfaceElements.8" destination="//@children.3/@interfaceElements.1"/>
  <connections xsi:type="org.fordiac.ide.model.ui:ConnectionView" connectionElement="//@fbNetwork/@dataConnections.1" source="//@children.0/@interfaceElements.10" destination="//@children.3/@interfaceElements.4"/>
  <connections xsi:type="org.fordiac.ide.model.ui:ConnectionView" connectionElement="//@fbNetwork/@dataConnections.2" source="//@children.1/@interfaceElements.8" destination="//@children.3/@interfaceElements.2"/>
  <connections xsi:type="org.fordiac.ide.model.ui:ConnectionView" connectionElement="//@fbNetwork/@eventConnections.2" source="//@children.0/@interfaceElements.5" destination="//@children.4/@interfaceElements.0"/>
  <connections xsi:type="org.fordiac.ide.model.ui:ConnectionView" connectionElement="//@fbNetwork/@eventConnections.3" source="//@children.1/@interfaceElements.5" destination="//@children.4/@interfaceElements.1"/>
  <connections xsi:type="org.fordiac.ide.model.ui:ConnectionView" connectionElement="//@fbNetwork/@eventConnections.0" source="//@children.1/@interfaceElements.4" destination="//@children.0/@interfaceElements.0"/>
  <connections xsi:type="org.fordiac.ide.model.ui:ConnectionView" connectionElement="//@fbNetwork/@eventConnections.1" source="//@children.0/@interfaceElements.4" destination="//@children.2/@interfaceElements.0"/>
  <fbNetwork>
    <fBs name="PVSensor" identifier="true" id="_gNce0HjyEeeFVrYBHYMqzQ" fbtPath="PVTController\PolysunPlugins\PVSensor.fbt">
      <interface>
        <eventInputs name="INIT" comment="Initialization Request" isInput="true" inputConnections="//@fbNetwork/@eventConnections.0">
          <with variables="//@fbNetwork/@fBs.0/@interface/@inputVars.0"/>
          <with variables="//@fbNetwork/@fBs.0/@interface/@inputVars.1"/>
          <with variables="//@fbNetwork/@fBs.0/@interface/@inputVars.2"/>
        </eventInputs>
        <eventOutputs name="INITO" comment="Initialization Confirm" outputConnections="//@fbNetwork/@eventConnections.1">
          <with variables="//@fbNetwork/@fBs.0/@interface/@outputVars.0"/>
          <with variables="//@fbNetwork/@fBs.0/@interface/@outputVars.1"/>
        </eventOutputs>
        <eventOutputs name="IND" comment="Execution Confirmation" outputConnections="//@fbNetwork/@eventConnections.2">
          <with variables="//@fbNetwork/@fBs.0/@interface/@outputVars.2"/>
          <with variables="//@fbNetwork/@fBs.0/@interface/@outputVars.3"/>
          <with variables="//@fbNetwork/@fBs.0/@interface/@outputVars.4"/>
        </eventOutputs>
        <inputVars name="QI" comment="Input event qualifier" isInput="true" arraySize="-1" typeName="BOOL" withs="//@fbNetwork/@fBs.0/@interface/@eventInputs.0/@with.0">
          <value value="TRUE"/>
        </inputVars>
        <inputVars name="ID" comment="Connection identifier" isInput="true" arraySize="-1" typeName="WSTRING" withs="//@fbNetwork/@fBs.0/@interface/@eventInputs.0/@with.1">
          <value value="localhost:61500"/>
        </inputVars>
        <inputVars name="TSF" comment="Flag for whether to receive time stamp or not" isInput="true" arraySize="-1" typeName="BOOL" withs="//@fbNetwork/@fBs.0/@interface/@eventInputs.0/@with.2">
          <value value="TRUE"/>
        </inputVars>
        <outputVars name="QO" comment="Output event qualifier" arraySize="-1" typeName="BOOL" withs="//@fbNetwork/@fBs.0/@interface/@eventOutputs.0/@with.0"/>
        <outputVars name="STATUS" comment="Service status" arraySize="-1" typeName="WSTRING" withs="//@fbNetwork/@fBs.0/@interface/@eventOutputs.0/@with.1"/>
        <outputVars name="PPV" comment="PV power output AC in W" arraySize="-1" outputConnections="//@fbNetwork/@dataConnections.0" typeName="LREAL" withs="//@fbNetwork/@fBs.0/@interface/@eventOutputs.1/@with.0"/>
        <outputVars name="GFL" comment="Grid feed-in limit [0,..1]" arraySize="-1" typeName="LREAL" withs="//@fbNetwork/@fBs.0/@interface/@eventOutputs.1/@with.1"/>
        <outputVars name="TS" comment="Time stamp (optional)" arraySize="-1" outputConnections="//@fbNetwork/@dataConnections.1" typeName="DATE_AND_TIME" withs="//@fbNetwork/@fBs.0/@interface/@eventOutputs.1/@with.2"/>
      </interface>
      <position x="228" y="152"/>
    </fBs>
    <fBs name="LoadSensor" identifier="true" id="_gNeUAHjyEeeFVrYBHYMqzQ" fbtPath="PVTController\PolysunPlugins\LoadSensor.fbt">
      <interface>
        <eventInputs name="INIT" comment="Initialization Request" isInput="true">
          <with variables="//@fbNetwork/@fBs.1/@interface/@inputVars.0"/>
          <with variables="//@fbNetwork/@fBs.1/@interface/@inputVars.1"/>
          <with variables="//@fbNetwork/@fBs.1/@interface/@inputVars.2"/>
        </eventInputs>
        <eventOutputs name="INITO" comment="Initialization Confirm" outputConnections="//@fbNetwork/@eventConnections.0">
          <with variables="//@fbNetwork/@fBs.1/@interface/@outputVars.0"/>
          <with variables="//@fbNetwork/@fBs.1/@interface/@outputVars.1"/>
        </eventOutputs>
        <eventOutputs name="IND" comment="Execution Confirmation" outputConnections="//@fbNetwork/@eventConnections.3">
          <with variables="//@fbNetwork/@fBs.1/@interface/@outputVars.2"/>
          <with variables="//@fbNetwork/@fBs.1/@interface/@outputVars.3"/>
        </eventOutputs>
        <inputVars name="QI" comment="Input event qualifier" isInput="true" arraySize="-1" typeName="BOOL" withs="//@fbNetwork/@fBs.1/@interface/@eventInputs.0/@with.0">
          <value value="TRUE"/>
        </inputVars>
        <inputVars name="ID" comment="Connection identifier" isInput="true" arraySize="-1" typeName="WSTRING" withs="//@fbNetwork/@fBs.1/@interface/@eventInputs.0/@with.1">
          <value value="localhost:61501"/>
        </inputVars>
        <inputVars name="TSF" comment="Flag for whether to receive time stamp or not" isInput="true" arraySize="-1" typeName="BOOL" withs="//@fbNetwork/@fBs.1/@interface/@eventInputs.0/@with.2">
          <value value="FALSE"/>
        </inputVars>
        <outputVars name="QO" comment="Output event qualifier" arraySize="-1" typeName="BOOL" withs="//@fbNetwork/@fBs.1/@interface/@eventOutputs.0/@with.0"/>
        <outputVars name="STATUS" comment="Service status" arraySize="-1" typeName="WSTRING" withs="//@fbNetwork/@fBs.1/@interface/@eventOutputs.0/@with.1"/>
        <outputVars name="PLD" comment="PV power output AC in W" arraySize="-1" outputConnections="//@fbNetwork/@dataConnections.2" typeName="LREAL" withs="//@fbNetwork/@fBs.1/@interface/@eventOutputs.1/@with.0"/>
        <outputVars name="TS" comment="Time stamp (optional)" arraySize="-1" typeName="DATE_AND_TIME" withs="//@fbNetwork/@fBs.1/@interface/@eventOutputs.1/@with.1"/>
      </interface>
      <position x="228" y="361"/>
    </fBs>
    <fBs name="SGReadyHeatPumpAdapter" identifier="true" id="_gNwA0HjyEeeFVrYBHYMqzQ" fbtPath="PVTController\PolysunPlugins\SGReadyHeatPumpAdapter.fbt">
      <interface>
        <eventInputs name="INIT" comment="Service Initialization" isInput="true" inputConnections="//@fbNetwork/@eventConnections.1">
          <with variables="//@fbNetwork/@fBs.2/@interface/@inputVars.0"/>
          <with variables="//@fbNetwork/@fBs.2/@interface/@inputVars.1"/>
        </eventInputs>
        <eventInputs name="RSP" comment="Service Response" isInput="true" inputConnections="//@fbNetwork/@eventConnections.4">
          <with variables="//@fbNetwork/@fBs.2/@interface/@inputVars.2"/>
          <with variables="//@fbNetwork/@fBs.2/@interface/@inputVars.0"/>
          <with variables="//@fbNetwork/@fBs.2/@interface/@inputVars.3"/>
        </eventInputs>
        <eventOutputs name="INITO" comment="Initialization Confirm">
          <with variables="//@fbNetwork/@fBs.2/@interface/@outputVars.0"/>
          <with variables="//@fbNetwork/@fBs.2/@interface/@outputVars.1"/>
        </eventOutputs>
        <inputVars name="QI" comment="Input event qualifier" isInput="true" arraySize="-1" typeName="BOOL" withs="//@fbNetwork/@fBs.2/@interface/@eventInputs.0/@with.0 //@fbNetwork/@fBs.2/@interface/@eventInputs.1/@with.1">
          <value value="TRUE"/>
        </inputVars>
        <inputVars name="ID" comment="Connection Identifier" isInput="true" arraySize="-1" typeName="WSTRING" withs="//@fbNetwork/@fBs.2/@interface/@eventInputs.0/@with.1">
          <value value="localhost:61507"/>
        </inputVars>
        <inputVars name="CS1" comment="SG-Ready control signal 1" isInput="true" arraySize="-1" inputConnections="//@fbNetwork/@dataConnections.3" typeName="BOOL" withs="//@fbNetwork/@fBs.2/@interface/@eventInputs.1/@with.0">
          <value/>
        </inputVars>
        <inputVars name="CS2" comment="SG-Ready control signal 2" isInput="true" arraySize="-1" inputConnections="//@fbNetwork/@dataConnections.4" typeName="BOOL" withs="//@fbNetwork/@fBs.2/@interface/@eventInputs.1/@with.2">
          <value/>
        </inputVars>
        <outputVars name="QO" comment="Output event qualifier" arraySize="-1" typeName="BOOL" withs="//@fbNetwork/@fBs.2/@interface/@eventOutputs.0/@with.0"/>
        <outputVars name="STATUS" comment="Service status" arraySize="-1" typeName="WSTRING" withs="//@fbNetwork/@fBs.2/@interface/@eventOutputs.0/@with.1"/>
      </interface>
      <position x="741" y="247"/>
    </fBs>
    <fBs name="HeatPumpController" identifier="true" id="_gOb9UHjyEeeFVrYBHYMqzQ" fbtPath="PVTController\PVprog\HeatPumpController.fbt">
      <interface>
        <eventInputs name="REQ" comment="Normal Execution Request" isInput="true" inputConnections="//@fbNetwork/@eventConnections.5">
          <with variables="//@fbNetwork/@fBs.3/@interface/@inputVars.1"/>
          <with variables="//@fbNetwork/@fBs.3/@interface/@inputVars.0"/>
          <with variables="//@fbNetwork/@fBs.3/@interface/@inputVars.2"/>
          <with variables="//@fbNetwork/@fBs.3/@interface/@inputVars.4"/>
          <with variables="//@fbNetwork/@fBs.3/@interface/@inputVars.5"/>
          <with variables="//@fbNetwork/@fBs.3/@interface/@inputVars.3"/>
        </eventInputs>
        <eventOutputs name="CNF" comment="Execution Confirmation" outputConnections="//@fbNetwork/@eventConnections.4">
          <with variables="//@fbNetwork/@fBs.3/@interface/@outputVars.0"/>
          <with variables="//@fbNetwork/@fBs.3/@interface/@outputVars.1"/>
        </eventOutputs>
        <inputVars name="PPV" comment="PV power in W" isInput="true" arraySize="-1" inputConnections="//@fbNetwork/@dataConnections.0" typeName="LREAL" withs="//@fbNetwork/@fBs.3/@interface/@eventInputs.0/@with.1">
          <value/>
        </inputVars>
        <inputVars name="PLD" comment="Load in W" isInput="true" arraySize="-1" inputConnections="//@fbNetwork/@dataConnections.2" typeName="LREAL" withs="//@fbNetwork/@fBs.3/@interface/@eventInputs.0/@with.0">
          <value/>
        </inputVars>
        <inputVars name="PBAT" comment="Battery charging power in W" isInput="true" arraySize="-1" typeName="LREAL" withs="//@fbNetwork/@fBs.3/@interface/@eventInputs.0/@with.2">
          <value/>
        </inputVars>
        <inputVars name="TS" comment="Time stamp" isInput="true" arraySize="-1" inputConnections="//@fbNetwork/@dataConnections.1" typeName="DATE_AND_TIME" withs="//@fbNetwork/@fBs.3/@interface/@eventInputs.0/@with.5">
          <value/>
        </inputVars>
        <inputVars name="PHP" comment="Heat pump's nominal electrical power in kW" isInput="true" arraySize="-1" typeName="LREAL" withs="//@fbNetwork/@fBs.3/@interface/@eventInputs.0/@with.3">
          <value value="LREAL#3.3"/>
        </inputVars>
        <inputVars name="F" comment="On/Off threshold [0.1,..,1]" isInput="true" arraySize="-1" typeName="LREAL" withs="//@fbNetwork/@fBs.3/@interface/@eventInputs.0/@with.4">
          <value value="LREAL#1"/>
          <varInitialization initialValue="1"/>
        </inputVars>
        <outputVars name="SG1" comment="SG Ready output 1" arraySize="-1" outputConnections="//@fbNetwork/@dataConnections.3" typeName="BOOL" withs="//@fbNetwork/@fBs.3/@interface/@eventOutputs.0/@with.0"/>
        <outputVars name="SG2" comment="SG Ready output 2" arraySize="-1" outputConnections="//@fbNetwork/@dataConnections.4" typeName="BOOL" withs="//@fbNetwork/@fBs.3/@interface/@eventOutputs.0/@with.1"/>
      </interface>
      <position x="494" y="285"/>
    </fBs>
    <fBs name="E_REND" identifier="true" id="_vh0AwHjyEeeFVrYBHYMqzQ" fbtPath="events\E_REND.fbt">
      <interface>
        <eventInputs name="EI1" comment="First Event Input" isInput="true" inputConnections="//@fbNetwork/@eventConnections.2"/>
        <eventInputs name="EI2" comment="Second Event Input" isInput="true" inputConnections="//@fbNetwork/@eventConnections.3"/>
        <eventInputs name="R" comment="Reset Event" isInput="true"/>
        <eventOutputs name="EO" comment="Rendezvous Output Event" outputConnections="//@fbNetwork/@eventConnections.5"/>
      </interface>
      <position x="361" y="285"/>
    </fBs>
    <dataConnections dx1="162" source="//@fbNetwork/@fBs.0/@interface/@outputVars.2" destination="//@fbNetwork/@fBs.3/@interface/@inputVars.0"/>
    <dataConnections source="//@fbNetwork/@fBs.0/@interface/@outputVars.4" destination="//@fbNetwork/@fBs.3/@interface/@inputVars.3"/>
    <dataConnections dx1="119" source="//@fbNetwork/@fBs.1/@interface/@outputVars.2" destination="//@fbNetwork/@fBs.3/@interface/@inputVars.1"/>
    <dataConnections source="//@fbNetwork/@fBs.3/@interface/@outputVars.0" destination="//@fbNetwork/@fBs.2/@interface/@inputVars.2"/>
    <dataConnections source="//@fbNetwork/@fBs.3/@interface/@outputVars.1" destination="//@fbNetwork/@fBs.2/@interface/@inputVars.3"/>
    <eventConnections dx2="-89" dy="50" source="//@fbNetwork/@fBs.1/@interface/@eventOutputs.0" destination="//@fbNetwork/@fBs.0/@interface/@eventInputs.0"/>
    <eventConnections dx1="413" source="//@fbNetwork/@fBs.0/@interface/@eventOutputs.0" destination="//@fbNetwork/@fBs.2/@interface/@eventInputs.0"/>
    <eventConnections dx1="32" source="//@fbNetwork/@fBs.0/@interface/@eventOutputs.1" destination="//@fbNetwork/@fBs.4/@interface/@eventInputs.0"/>
    <eventConnections dx1="28" source="//@fbNetwork/@fBs.1/@interface/@eventOutputs.1" destination="//@fbNetwork/@fBs.4/@interface/@eventInputs.1"/>
    <eventConnections source="//@fbNetwork/@fBs.3/@interface/@eventOutputs.0" destination="//@fbNetwork/@fBs.2/@interface/@eventInputs.1"/>
    <eventConnections source="//@fbNetwork/@fBs.4/@interface/@eventOutputs.0" destination="//@fbNetwork/@fBs.3/@interface/@eventInputs.0"/>
    <application href="PVTController.xml#//@application.18"/>
  </fbNetwork>
</org.fordiac.ide.model.ui:UIFBNetwork>
