<?xml version="1.0" encoding="UTF-8"?>
<org.fordiac.ide.model.ui:UIFBNetwork xmi:version="2.0" xmlns:xmi="http://www.omg.org/XMI" xmlns:xsi="http://www.w3.org/2001/XMLSchema-instance" xmlns:org.fordiac.ide.model.ui="org.fordiac.ide.model.ui">
  <children xsi:type="org.fordiac.ide.model.ui:FBView" fb="//@fbNetwork/@fBs.0">
    <position x="398" y="303"/>
    <backgroundColor red="192" green="192" blue="192"/>
    <interfaceElements iInterfaceElement="//@fbNetwork/@fBs.0/@interface/@eventInputs.0" inConnections="//@connections.13" fbNetwork="//@fbNetwork"/>
    <interfaceElements iInterfaceElement="//@fbNetwork/@fBs.0/@interface/@inputVars.0" inConnections="//@connections.12" fbNetwork="//@fbNetwork"/>
    <interfaceElements iInterfaceElement="//@fbNetwork/@fBs.0/@interface/@eventOutputs.0" outConnections="//@connections.14" fbNetwork="//@fbNetwork"/>
    <interfaceElements iInterfaceElement="//@fbNetwork/@fBs.0/@interface/@outputVars.0" outConnections="//@connections.1" fbNetwork="//@fbNetwork"/>
  </children>
  <children xsi:type="org.fordiac.ide.model.ui:FBView" fb="//@fbNetwork/@fBs.1">
    <position x="418" y="171"/>
    <backgroundColor red="192" green="192" blue="192"/>
    <interfaceElements iInterfaceElement="//@fbNetwork/@fBs.1/@interface/@eventInputs.0" inConnections="//@connections.10" fbNetwork="//@fbNetwork"/>
    <interfaceElements iInterfaceElement="//@fbNetwork/@fBs.1/@interface/@inputVars.0" inConnections="//@connections.11" fbNetwork="//@fbNetwork"/>
    <interfaceElements iInterfaceElement="//@fbNetwork/@fBs.1/@interface/@eventOutputs.0" outConnections="//@connections.13" fbNetwork="//@fbNetwork"/>
    <interfaceElements iInterfaceElement="//@fbNetwork/@fBs.1/@interface/@outputVars.0" outConnections="//@connections.0" fbNetwork="//@fbNetwork"/>
  </children>
  <children xsi:type="org.fordiac.ide.model.ui:FBView" fb="//@fbNetwork/@fBs.2">
    <position x="626" y="303"/>
    <backgroundColor red="192" green="192" blue="192"/>
    <interfaceElements iInterfaceElement="//@fbNetwork/@fBs.2/@interface/@eventInputs.0" inConnections="//@connections.14" fbNetwork="//@fbNetwork"/>
    <interfaceElements iInterfaceElement="//@fbNetwork/@fBs.2/@interface/@inputVars.0" inConnections="//@connections.0" fbNetwork="//@fbNetwork"/>
    <interfaceElements iInterfaceElement="//@fbNetwork/@fBs.2/@interface/@inputVars.1" inConnections="//@connections.1" fbNetwork="//@fbNetwork"/>
    <interfaceElements iInterfaceElement="//@fbNetwork/@fBs.2/@interface/@inputVars.2" fbNetwork="//@fbNetwork"/>
    <interfaceElements iInterfaceElement="//@fbNetwork/@fBs.2/@interface/@eventOutputs.0" outConnections="//@connections.2" fbNetwork="//@fbNetwork"/>
    <interfaceElements iInterfaceElement="//@fbNetwork/@fBs.2/@interface/@outputVars.0" outConnections="//@connections.3" fbNetwork="//@fbNetwork"/>
  </children>
  <children xsi:type="org.fordiac.ide.model.ui:FBView" fb="//@fbNetwork/@fBs.3">
    <position x="246" y="474"/>
    <backgroundColor red="192" green="192" blue="192"/>
    <interfaceElements iInterfaceElement="//@fbNetwork/@fBs.3/@interface/@eventInputs.0" inConnections="//@connections.2" fbNetwork="//@fbNetwork"/>
    <interfaceElements iInterfaceElement="//@fbNetwork/@fBs.3/@interface/@inputVars.0" inConnections="//@connections.3" fbNetwork="//@fbNetwork"/>
    <interfaceElements iInterfaceElement="//@fbNetwork/@fBs.3/@interface/@inputVars.1" fbNetwork="//@fbNetwork"/>
    <interfaceElements iInterfaceElement="//@fbNetwork/@fBs.3/@interface/@eventOutputs.0" outConnections="//@connections.4" fbNetwork="//@fbNetwork"/>
    <interfaceElements iInterfaceElement="//@fbNetwork/@fBs.3/@interface/@outputVars.0" outConnections="//@connections.5" fbNetwork="//@fbNetwork"/>
  </children>
  <children xsi:type="org.fordiac.ide.model.ui:FBView" fb="//@fbNetwork/@fBs.4">
    <position x="398" y="474"/>
    <backgroundColor red="192" green="192" blue="192"/>
    <interfaceElements iInterfaceElement="//@fbNetwork/@fBs.4/@interface/@eventInputs.0" inConnections="//@connections.4" fbNetwork="//@fbNetwork"/>
    <interfaceElements iInterfaceElement="//@fbNetwork/@fBs.4/@interface/@inputVars.0" inConnections="//@connections.5" fbNetwork="//@fbNetwork"/>
    <interfaceElements iInterfaceElement="//@fbNetwork/@fBs.4/@interface/@eventOutputs.0" outConnections="//@connections.6" fbNetwork="//@fbNetwork"/>
    <interfaceElements iInterfaceElement="//@fbNetwork/@fBs.4/@interface/@outputVars.0" outConnections="//@connections.7" fbNetwork="//@fbNetwork"/>
  </children>
  <children xsi:type="org.fordiac.ide.model.ui:FBView" fb="//@fbNetwork/@fBs.5">
    <position x="607" y="455"/>
    <backgroundColor red="192" green="192" blue="192"/>
    <interfaceElements iInterfaceElement="//@fbNetwork/@fBs.5/@interface/@eventInputs.0" inConnections="//@connections.6" fbNetwork="//@fbNetwork"/>
    <interfaceElements iInterfaceElement="//@fbNetwork/@fBs.5/@interface/@inputVars.0" inConnections="//@connections.7" fbNetwork="//@fbNetwork"/>
    <interfaceElements iInterfaceElement="//@fbNetwork/@fBs.5/@interface/@inputVars.1" fbNetwork="//@fbNetwork"/>
    <interfaceElements iInterfaceElement="//@fbNetwork/@fBs.5/@interface/@inputVars.2" fbNetwork="//@fbNetwork"/>
    <interfaceElements iInterfaceElement="//@fbNetwork/@fBs.5/@interface/@eventOutputs.0" outConnections="//@connections.8" fbNetwork="//@fbNetwork"/>
    <interfaceElements iInterfaceElement="//@fbNetwork/@fBs.5/@interface/@outputVars.0" outConnections="//@connections.9" fbNetwork="//@fbNetwork"/>
  </children>
  <children xsi:type="org.fordiac.ide.model.ui:FBView" fb="//@fbNetwork/@fBs.6">
    <position x="246" y="170"/>
    <backgroundColor red="192" green="192" blue="192"/>
    <interfaceElements iInterfaceElement="//@fbNetwork/@fBs.6/@interface/@eventInputs.0" fbNetwork="//@fbNetwork"/>
    <interfaceElements iInterfaceElement="//@fbNetwork/@fBs.6/@interface/@eventInputs.1" inConnections="//@connections.8" fbNetwork="//@fbNetwork"/>
    <interfaceElements iInterfaceElement="//@fbNetwork/@fBs.6/@interface/@inputVars.0" fbNetwork="//@fbNetwork"/>
    <interfaceElements iInterfaceElement="//@fbNetwork/@fBs.6/@interface/@inputVars.1" fbNetwork="//@fbNetwork"/>
    <interfaceElements iInterfaceElement="//@fbNetwork/@fBs.6/@interface/@inputVars.2" inConnections="//@connections.9" fbNetwork="//@fbNetwork"/>
    <interfaceElements iInterfaceElement="//@fbNetwork/@fBs.6/@interface/@eventOutputs.0" fbNetwork="//@fbNetwork"/>
    <interfaceElements iInterfaceElement="//@fbNetwork/@fBs.6/@interface/@eventOutputs.1" outConnections="//@connections.10" fbNetwork="//@fbNetwork"/>
    <interfaceElements iInterfaceElement="//@fbNetwork/@fBs.6/@interface/@outputVars.0" fbNetwork="//@fbNetwork"/>
    <interfaceElements iInterfaceElement="//@fbNetwork/@fBs.6/@interface/@outputVars.1" fbNetwork="//@fbNetwork"/>
    <interfaceElements iInterfaceElement="//@fbNetwork/@fBs.6/@interface/@outputVars.2" outConnections="//@connections.11" fbNetwork="//@fbNetwork"/>
    <interfaceElements iInterfaceElement="//@fbNetwork/@fBs.6/@interface/@outputVars.3" outConnections="//@connections.12" fbNetwork="//@fbNetwork"/>
  </children>
  <connections xsi:type="org.fordiac.ide.model.ui:ConnectionView" connectionElement="//@fbNetwork/@dataConnections.3" source="//@children.1/@interfaceElements.3" destination="//@children.2/@interfaceElements.1"/>
  <connections xsi:type="org.fordiac.ide.model.ui:ConnectionView" connectionElement="//@fbNetwork/@dataConnections.1" source="//@children.0/@interfaceElements.3" destination="//@children.2/@interfaceElements.2"/>
  <connections xsi:type="org.fordiac.ide.model.ui:ConnectionView" connectionElement="//@fbNetwork/@eventConnections.3" source="//@children.2/@interfaceElements.4" destination="//@children.3/@interfaceElements.0"/>
  <connections xsi:type="org.fordiac.ide.model.ui:ConnectionView" connectionElement="//@fbNetwork/@dataConnections.4" source="//@children.2/@interfaceElements.5" destination="//@children.3/@interfaceElements.1"/>
  <connections xsi:type="org.fordiac.ide.model.ui:ConnectionView" connectionElement="//@fbNetwork/@eventConnections.4" source="//@children.3/@interfaceElements.3" destination="//@children.4/@interfaceElements.0"/>
  <connections xsi:type="org.fordiac.ide.model.ui:ConnectionView" connectionElement="//@fbNetwork/@dataConnections.5" source="//@children.3/@interfaceElements.4" destination="//@children.4/@interfaceElements.1"/>
  <connections xsi:type="org.fordiac.ide.model.ui:ConnectionView" connectionElement="//@fbNetwork/@eventConnections.5" source="//@children.4/@interfaceElements.2" destination="//@children.5/@interfaceElements.0"/>
  <connections xsi:type="org.fordiac.ide.model.ui:ConnectionView" connectionElement="//@fbNetwork/@dataConnections.6" source="//@children.4/@interfaceElements.3" destination="//@children.5/@interfaceElements.1"/>
  <connections xsi:type="org.fordiac.ide.model.ui:ConnectionView" connectionElement="//@fbNetwork/@eventConnections.6" source="//@children.5/@interfaceElements.4" destination="//@children.6/@interfaceElements.1"/>
  <connections xsi:type="org.fordiac.ide.model.ui:ConnectionView" connectionElement="//@fbNetwork/@dataConnections.7" source="//@children.5/@interfaceElements.5" destination="//@children.6/@interfaceElements.4"/>
  <connections xsi:type="org.fordiac.ide.model.ui:ConnectionView" connectionElement="//@fbNetwork/@eventConnections.2" source="//@children.6/@interfaceElements.6" destination="//@children.1/@interfaceElements.0"/>
  <connections xsi:type="org.fordiac.ide.model.ui:ConnectionView" connectionElement="//@fbNetwork/@dataConnections.2" source="//@children.6/@interfaceElements.9" destination="//@children.1/@interfaceElements.1"/>
  <connections xsi:type="org.fordiac.ide.model.ui:ConnectionView" connectionElement="//@fbNetwork/@dataConnections.0" source="//@children.6/@interfaceElements.10" destination="//@children.0/@interfaceElements.1"/>
  <connections xsi:type="org.fordiac.ide.model.ui:ConnectionView" connectionElement="//@fbNetwork/@eventConnections.0" source="//@children.1/@interfaceElements.2" destination="//@children.0/@interfaceElements.0"/>
  <connections xsi:type="org.fordiac.ide.model.ui:ConnectionView" connectionElement="//@fbNetwork/@eventConnections.1" source="//@children.0/@interfaceElements.2" destination="//@children.2/@interfaceElements.0"/>
  <fbNetwork>
    <fBs name="LREAL2LREAL_3_0_0" identifier="true" id="_OJARoFKVEeeUQL1FTSFjug" fbtPath="convert\LREAL2LREAL.fbt">
      <interface>
        <eventInputs name="REQ" comment="Normal Execution Request" isInput="true" inputConnections="//@fbNetwork/@eventConnections.0">
          <with variables="//@fbNetwork/@fBs.0/@interface/@inputVars.0"/>
        </eventInputs>
        <eventOutputs name="CNF" comment="Execution Confirmation" outputConnections="//@fbNetwork/@eventConnections.1">
          <with variables="//@fbNetwork/@fBs.0/@interface/@outputVars.0"/>
        </eventOutputs>
        <inputVars name="IN" comment="Input event qualifier" isInput="true" arraySize="-1" inputConnections="//@fbNetwork/@dataConnections.0" typeName="LREAL" withs="//@fbNetwork/@fBs.0/@interface/@eventInputs.0/@with.0">
          <value/>
        </inputVars>
        <outputVars name="OUT" comment="Output event qualifier" arraySize="-1" outputConnections="//@fbNetwork/@dataConnections.1" typeName="LREAL" withs="//@fbNetwork/@fBs.0/@interface/@eventOutputs.0/@with.0"/>
      </interface>
      <position x="398" y="303"/>
    </fBs>
    <fBs name="LREAL2LREAL_3_2" identifier="true" id="_OJARoVKVEeeUQL1FTSFjug" fbtPath="convert\LREAL2LREAL.fbt">
      <interface>
        <eventInputs name="REQ" comment="Normal Execution Request" isInput="true" inputConnections="//@fbNetwork/@eventConnections.2">
          <with variables="//@fbNetwork/@fBs.1/@interface/@inputVars.0"/>
        </eventInputs>
        <eventOutputs name="CNF" comment="Execution Confirmation" outputConnections="//@fbNetwork/@eventConnections.0">
          <with variables="//@fbNetwork/@fBs.1/@interface/@outputVars.0"/>
        </eventOutputs>
        <inputVars name="IN" comment="Input event qualifier" isInput="true" arraySize="-1" inputConnections="//@fbNetwork/@dataConnections.2" typeName="LREAL" withs="//@fbNetwork/@fBs.1/@interface/@eventInputs.0/@with.0">
          <value/>
        </inputVars>
        <outputVars name="OUT" comment="Output event qualifier" arraySize="-1" outputConnections="//@fbNetwork/@dataConnections.3" typeName="LREAL" withs="//@fbNetwork/@fBs.1/@interface/@eventOutputs.0/@with.0"/>
      </interface>
      <position x="418" y="171"/>
    </fBs>
    <fBs name="FB_PVFEEDIN_CALC" identifier="true" id="_SDo7MFKVEeeUQL1FTSFjug" fbtPath="PVTController\PVderation\FB_PVFEEDIN_CALC.fbt">
      <interface>
        <eventInputs name="REQ" comment="Normal Execution Request" isInput="true" inputConnections="//@fbNetwork/@eventConnections.1">
          <with variables="//@fbNetwork/@fBs.2/@interface/@inputVars.0"/>
          <with variables="//@fbNetwork/@fBs.2/@interface/@inputVars.1"/>
          <with variables="//@fbNetwork/@fBs.2/@interface/@inputVars.2"/>
        </eventInputs>
        <eventOutputs name="CNF" comment="Execution Confirmation" outputConnections="//@fbNetwork/@eventConnections.3">
          <with variables="//@fbNetwork/@fBs.2/@interface/@outputVars.0"/>
        </eventOutputs>
        <inputVars name="PPV" comment="PV power" isInput="true" arraySize="-1" inputConnections="//@fbNetwork/@dataConnections.3" typeName="LREAL" withs="//@fbNetwork/@fBs.2/@interface/@eventInputs.0/@with.0">
          <value/>
        </inputVars>
        <inputVars name="PLD" comment="Load" isInput="true" arraySize="-1" inputConnections="//@fbNetwork/@dataConnections.1" typeName="LREAL" withs="//@fbNetwork/@fBs.2/@interface/@eventInputs.0/@with.1">
          <value/>
        </inputVars>
        <inputVars name="PBAT" comment="Battery power (positive = charge, negative = discharge)" isInput="true" arraySize="-1" typeName="LREAL" withs="//@fbNetwork/@fBs.2/@interface/@eventInputs.0/@with.2">
          <value value="LREAL#0"/>
        </inputVars>
        <outputVars name="PGF" comment="Grid feed-in power" arraySize="-1" outputConnections="//@fbNetwork/@dataConnections.4" typeName="LREAL" withs="//@fbNetwork/@fBs.2/@interface/@eventOutputs.0/@with.0"/>
      </interface>
      <position x="626" y="303"/>
    </fBs>
    <fBs name="F_DIV" identifier="true" id="_6V3ksFKcEeepNt4geUJUOQ" fbtPath="IEC61131-3\Arithmetic\F_DIV.fbt">
      <interface>
        <eventInputs name="REQ" comment="Normal Execution Request" isInput="true" inputConnections="//@fbNetwork/@eventConnections.3">
          <with variables="//@fbNetwork/@fBs.3/@interface/@inputVars.0"/>
          <with variables="//@fbNetwork/@fBs.3/@interface/@inputVars.1"/>
        </eventInputs>
        <eventOutputs name="CNF" comment="Execution Confirmation" outputConnections="//@fbNetwork/@eventConnections.4">
          <with variables="//@fbNetwork/@fBs.3/@interface/@outputVars.0"/>
        </eventOutputs>
        <inputVars name="IN1" comment="First funtion input" isInput="true" arraySize="-1" inputConnections="//@fbNetwork/@dataConnections.4" typeName="ANY_NUM" withs="//@fbNetwork/@fBs.3/@interface/@eventInputs.0/@with.0">
          <value/>
        </inputVars>
        <inputVars name="IN2" comment="Second function input" isInput="true" arraySize="-1" typeName="ANY_NUM" withs="//@fbNetwork/@fBs.3/@interface/@eventInputs.0/@with.1">
          <value value="LREAL#5000"/>
        </inputVars>
        <outputVars name="OUT" comment="Function output" arraySize="-1" outputConnections="//@fbNetwork/@dataConnections.5" typeName="ANY_NUM" withs="//@fbNetwork/@fBs.3/@interface/@eventOutputs.0/@with.0"/>
      </interface>
      <position x="246" y="474"/>
    </fBs>
    <fBs name="LREAL2LREAL_5" identifier="true" id="_958vcFKcEeepNt4geUJUOQ" fbtPath="convert\LREAL2LREAL.fbt">
      <interface>
        <eventInputs name="REQ" comment="Normal Execution Request" isInput="true" inputConnections="//@fbNetwork/@eventConnections.4">
          <with variables="//@fbNetwork/@fBs.4/@interface/@inputVars.0"/>
        </eventInputs>
        <eventOutputs name="CNF" comment="Execution Confirmation" outputConnections="//@fbNetwork/@eventConnections.5">
          <with variables="//@fbNetwork/@fBs.4/@interface/@outputVars.0"/>
        </eventOutputs>
        <inputVars name="IN" comment="Input event qualifier" isInput="true" arraySize="-1" inputConnections="//@fbNetwork/@dataConnections.5" typeName="LREAL" withs="//@fbNetwork/@fBs.4/@interface/@eventInputs.0/@with.0">
          <value/>
        </inputVars>
        <outputVars name="OUT" comment="Output event qualifier" arraySize="-1" outputConnections="//@fbNetwork/@dataConnections.6" typeName="LREAL" withs="//@fbNetwork/@fBs.4/@interface/@eventOutputs.0/@with.0"/>
      </interface>
      <position x="398" y="474"/>
    </fBs>
    <fBs name="PVDERATOR_PROP" identifier="true" id="_WJG7wFKVEeeUQL1FTSFjug" fbtPath="PVTController\PVderation\PVDERATOR_PROP.fbt">
      <interface>
        <eventInputs name="REQ" comment="Normal Execution Request" isInput="true" inputConnections="//@fbNetwork/@eventConnections.5">
          <with variables="//@fbNetwork/@fBs.5/@interface/@inputVars.0"/>
          <with variables="//@fbNetwork/@fBs.5/@interface/@inputVars.1"/>
          <with variables="//@fbNetwork/@fBs.5/@interface/@inputVars.2"/>
        </eventInputs>
        <eventOutputs name="CNF" comment="Execution Confirmation" outputConnections="//@fbNetwork/@eventConnections.6">
          <with variables="//@fbNetwork/@fBs.5/@interface/@outputVars.0"/>
        </eventOutputs>
        <inputVars name="ACT" comment="Actual PV (feed-in) power in kW/kWp" isInput="true" arraySize="-1" inputConnections="//@fbNetwork/@dataConnections.6" typeName="LREAL" withs="//@fbNetwork/@fBs.5/@interface/@eventInputs.0/@with.0">
          <value/>
        </inputVars>
        <inputVars name="SET" comment="Set PV (feed-in) power in kW/kWp" isInput="true" arraySize="-1" typeName="LREAL" withs="//@fbNetwork/@fBs.5/@interface/@eventInputs.0/@with.1">
          <value value="LREAL#0.5"/>
        </inputVars>
        <inputVars name="KP" isInput="true" typeName="LREAL" withs="//@fbNetwork/@fBs.5/@interface/@eventInputs.0/@with.2">
          <value value="LREAL#1"/>
        </inputVars>
        <outputVars name="DF" comment="Derating factor" arraySize="-1" outputConnections="//@fbNetwork/@dataConnections.7" typeName="LREAL" withs="//@fbNetwork/@fBs.5/@interface/@eventOutputs.0/@with.0">
          <varInitialization initialValue="1"/>
        </outputVars>
      </interface>
      <position x="607" y="455"/>
    </fBs>
    <fBs name="MATLAB" identifier="true" id="_OJJbk1KVEeeUQL1FTSFjug" fbtPath="net\SERVER_1_2.fbt">
      <interface>
        <eventInputs name="INIT" comment="Service Initialization" isInput="true">
          <with variables="//@fbNetwork/@fBs.6/@interface/@inputVars.0"/>
          <with variables="//@fbNetwork/@fBs.6/@interface/@inputVars.1"/>
        </eventInputs>
        <eventInputs name="RSP" comment="Service Response" isInput="true" inputConnections="//@fbNetwork/@eventConnections.6">
          <with variables="//@fbNetwork/@fBs.6/@interface/@inputVars.0"/>
          <with variables="//@fbNetwork/@fBs.6/@interface/@inputVars.2"/>
        </eventInputs>
        <eventOutputs name="INITO" comment="Initialization Confirm">
          <with variables="//@fbNetwork/@fBs.6/@interface/@outputVars.0"/>
          <with variables="//@fbNetwork/@fBs.6/@interface/@outputVars.1"/>
        </eventOutputs>
        <eventOutputs name="IND" comment="Service Indication" outputConnections="//@fbNetwork/@eventConnections.2">
          <with variables="//@fbNetwork/@fBs.6/@interface/@outputVars.0"/>
          <with variables="//@fbNetwork/@fBs.6/@interface/@outputVars.1"/>
          <with variables="//@fbNetwork/@fBs.6/@interface/@outputVars.2"/>
          <with variables="//@fbNetwork/@fBs.6/@interface/@outputVars.3"/>
        </eventOutputs>
        <inputVars name="QI" comment="Event Input Qualifier" isInput="true" arraySize="-1" typeName="BOOL" withs="//@fbNetwork/@fBs.6/@interface/@eventInputs.0/@with.0 //@fbNetwork/@fBs.6/@interface/@eventInputs.1/@with.0">
          <value value="TRUE"/>
        </inputVars>
        <inputVars name="ID" comment="Connection Identifier" isInput="true" arraySize="-1" typeName="WSTRING" withs="//@fbNetwork/@fBs.6/@interface/@eventInputs.0/@with.1">
          <value value="localhost:61500"/>
        </inputVars>
        <inputVars name="SD_1" comment="Data to Send" isInput="true" arraySize="-1" inputConnections="//@fbNetwork/@dataConnections.7" typeName="ANY" withs="//@fbNetwork/@fBs.6/@interface/@eventInputs.1/@with.1">
          <value/>
        </inputVars>
        <outputVars name="QO" comment="Event Output Qualifier" arraySize="-1" typeName="BOOL" withs="//@fbNetwork/@fBs.6/@interface/@eventOutputs.0/@with.0 //@fbNetwork/@fBs.6/@interface/@eventOutputs.1/@with.0"/>
        <outputVars name="STATUS" comment="Service Status" arraySize="-1" typeName="WSTRING" withs="//@fbNetwork/@fBs.6/@interface/@eventOutputs.0/@with.1 //@fbNetwork/@fBs.6/@interface/@eventOutputs.1/@with.1"/>
        <outputVars name="RD_1" comment="Received Data" arraySize="-1" outputConnections="//@fbNetwork/@dataConnections.2" typeName="ANY" withs="//@fbNetwork/@fBs.6/@interface/@eventOutputs.1/@with.2"/>
        <outputVars name="RD_2" comment="Received Data" arraySize="-1" outputConnections="//@fbNetwork/@dataConnections.0" typeName="ANY" withs="//@fbNetwork/@fBs.6/@interface/@eventOutputs.1/@with.3"/>
      </interface>
      <position x="246" y="170"/>
    </fBs>
    <dataConnections dx1="28" source="//@fbNetwork/@fBs.6/@interface/@outputVars.3" destination="//@fbNetwork/@fBs.0/@interface/@inputVars.0"/>
    <dataConnections source="//@fbNetwork/@fBs.0/@interface/@outputVars.0" destination="//@fbNetwork/@fBs.2/@interface/@inputVars.1"/>
    <dataConnections dx1="30" source="//@fbNetwork/@fBs.6/@interface/@outputVars.2" destination="//@fbNetwork/@fBs.1/@interface/@inputVars.0"/>
    <dataConnections dx1="314" source="//@fbNetwork/@fBs.1/@interface/@outputVars.0" destination="//@fbNetwork/@fBs.2/@interface/@inputVars.0"/>
    <dataConnections dx2="-35" dy="-29" source="//@fbNetwork/@fBs.2/@interface/@outputVars.0" destination="//@fbNetwork/@fBs.3/@interface/@inputVars.0"/>
    <dataConnections source="//@fbNetwork/@fBs.3/@interface/@outputVars.0" destination="//@fbNetwork/@fBs.4/@interface/@inputVars.0"/>
    <dataConnections source="//@fbNetwork/@fBs.4/@interface/@outputVars.0" destination="//@fbNetwork/@fBs.5/@interface/@inputVars.0"/>
    <dataConnections dx1="27" dx2="-91" dy="167" source="//@fbNetwork/@fBs.5/@interface/@outputVars.0" destination="//@fbNetwork/@fBs.6/@interface/@inputVars.2"/>
    <eventConnections dy="10" source="//@fbNetwork/@fBs.1/@interface/@eventOutputs.0" destination="//@fbNetwork/@fBs.0/@interface/@eventInputs.0"/>
    <eventConnections source="//@fbNetwork/@fBs.0/@interface/@eventOutputs.0" destination="//@fbNetwork/@fBs.2/@interface/@eventInputs.0"/>
    <eventConnections source="//@fbNetwork/@fBs.6/@interface/@eventOutputs.1" destination="//@fbNetwork/@fBs.1/@interface/@eventInputs.0"/>
    <eventConnections dx1="28" dy="30" source="//@fbNetwork/@fBs.2/@interface/@eventOutputs.0" destination="//@fbNetwork/@fBs.3/@interface/@eventInputs.0"/>
    <eventConnections source="//@fbNetwork/@fBs.3/@interface/@eventOutputs.0" destination="//@fbNetwork/@fBs.4/@interface/@eventInputs.0"/>
    <eventConnections source="//@fbNetwork/@fBs.4/@interface/@eventOutputs.0" destination="//@fbNetwork/@fBs.5/@interface/@eventInputs.0"/>
    <eventConnections dx1="33" dx2="-100" dy="241" source="//@fbNetwork/@fBs.5/@interface/@eventOutputs.0" destination="//@fbNetwork/@fBs.6/@interface/@eventInputs.1"/>
    <application href="PVTController.xml#//@application.9"/>
  </fbNetwork>
</org.fordiac.ide.model.ui:UIFBNetwork>
