<?xml version="1.0" encoding="UTF-8"?>
<org.fordiac.ide.model.ui:UIFBNetwork xmi:version="2.0" xmlns:xmi="http://www.omg.org/XMI" xmlns:xsi="http://www.w3.org/2001/XMLSchema-instance" xmlns:org.fordiac.ide.model.ui="org.fordiac.ide.model.ui">
  <children xsi:type="org.fordiac.ide.model.ui:FBView" fb="//@fbNetwork/@fBs.0">
    <position x="1197" y="323"/>
    <backgroundColor red="192" green="192" blue="192"/>
    <interfaceElements iInterfaceElement="//@fbNetwork/@fBs.0/@interface/@eventInputs.0" inConnections="//@connections.37" fbNetwork="//@fbNetwork"/>
    <interfaceElements iInterfaceElement="//@fbNetwork/@fBs.0/@interface/@eventInputs.1" inConnections="//@connections.5" fbNetwork="//@fbNetwork"/>
    <interfaceElements iInterfaceElement="//@fbNetwork/@fBs.0/@interface/@eventInputs.2" inConnections="//@connections.10" fbNetwork="//@fbNetwork"/>
    <interfaceElements iInterfaceElement="//@fbNetwork/@fBs.0/@interface/@inputVars.0" fbNetwork="//@fbNetwork"/>
    <interfaceElements iInterfaceElement="//@fbNetwork/@fBs.0/@interface/@inputVars.1" inConnections="//@connections.2" fbNetwork="//@fbNetwork"/>
    <interfaceElements iInterfaceElement="//@fbNetwork/@fBs.0/@interface/@inputVars.2" inConnections="//@connections.3" fbNetwork="//@fbNetwork"/>
    <interfaceElements iInterfaceElement="//@fbNetwork/@fBs.0/@interface/@inputVars.3" inConnections="//@connections.17" fbNetwork="//@fbNetwork"/>
    <interfaceElements iInterfaceElement="//@fbNetwork/@fBs.0/@interface/@inputVars.4" inConnections="//@connections.27" fbNetwork="//@fbNetwork"/>
    <interfaceElements iInterfaceElement="//@fbNetwork/@fBs.0/@interface/@inputVars.5" inConnections="//@connections.0" fbNetwork="//@fbNetwork"/>
    <interfaceElements iInterfaceElement="//@fbNetwork/@fBs.0/@interface/@inputVars.6" inConnections="//@connections.1" fbNetwork="//@fbNetwork"/>
    <interfaceElements iInterfaceElement="//@fbNetwork/@fBs.0/@interface/@inputVars.7" inConnections="//@connections.4" fbNetwork="//@fbNetwork"/>
    <interfaceElements iInterfaceElement="//@fbNetwork/@fBs.0/@interface/@eventOutputs.0" outConnections="//@connections.14" fbNetwork="//@fbNetwork"/>
    <interfaceElements iInterfaceElement="//@fbNetwork/@fBs.0/@interface/@eventOutputs.1" outConnections="//@connections.44" fbNetwork="//@fbNetwork"/>
    <interfaceElements iInterfaceElement="//@fbNetwork/@fBs.0/@interface/@eventOutputs.2" fbNetwork="//@fbNetwork"/>
    <interfaceElements iInterfaceElement="//@fbNetwork/@fBs.0/@interface/@eventOutputs.3" fbNetwork="//@fbNetwork"/>
    <interfaceElements iInterfaceElement="//@fbNetwork/@fBs.0/@interface/@outputVars.0" fbNetwork="//@fbNetwork"/>
    <interfaceElements iInterfaceElement="//@fbNetwork/@fBs.0/@interface/@outputVars.1" outConnections="//@connections.11" fbNetwork="//@fbNetwork"/>
    <interfaceElements iInterfaceElement="//@fbNetwork/@fBs.0/@interface/@outputVars.2" fbNetwork="//@fbNetwork"/>
  </children>
  <children xsi:type="org.fordiac.ide.model.ui:FBView" fb="//@fbNetwork/@fBs.1">
    <position x="380" y="361"/>
    <backgroundColor red="192" green="192" blue="192"/>
    <interfaceElements iInterfaceElement="//@fbNetwork/@fBs.1/@interface/@eventInputs.0" inConnections="//@connections.41" fbNetwork="//@fbNetwork"/>
    <interfaceElements iInterfaceElement="//@fbNetwork/@fBs.1/@interface/@inputVars.0" inConnections="//@connections.38" fbNetwork="//@fbNetwork"/>
    <interfaceElements iInterfaceElement="//@fbNetwork/@fBs.1/@interface/@eventOutputs.0" outConnections="//@connections.6" fbNetwork="//@fbNetwork"/>
    <interfaceElements iInterfaceElement="//@fbNetwork/@fBs.1/@interface/@outputVars.0" outConnections="//@connections.0" fbNetwork="//@fbNetwork"/>
  </children>
  <children xsi:type="org.fordiac.ide.model.ui:FBView" fb="//@fbNetwork/@fBs.2">
    <position x="380" y="551"/>
    <backgroundColor red="192" green="192" blue="192"/>
    <interfaceElements iInterfaceElement="//@fbNetwork/@fBs.2/@interface/@eventInputs.0" inConnections="//@connections.42" fbNetwork="//@fbNetwork"/>
    <interfaceElements iInterfaceElement="//@fbNetwork/@fBs.2/@interface/@inputVars.0" inConnections="//@connections.39" fbNetwork="//@fbNetwork"/>
    <interfaceElements iInterfaceElement="//@fbNetwork/@fBs.2/@interface/@eventOutputs.0" outConnections="//@connections.7" fbNetwork="//@fbNetwork"/>
    <interfaceElements iInterfaceElement="//@fbNetwork/@fBs.2/@interface/@outputVars.0" outConnections="//@connections.1" fbNetwork="//@fbNetwork"/>
  </children>
  <children xsi:type="org.fordiac.ide.model.ui:FBView" fb="//@fbNetwork/@fBs.3">
    <position x="361" y="95"/>
    <backgroundColor red="192" green="192" blue="192"/>
    <interfaceElements iInterfaceElement="//@fbNetwork/@fBs.3/@interface/@eventInputs.0" inConnections="//@connections.15" fbNetwork="//@fbNetwork"/>
    <interfaceElements iInterfaceElement="//@fbNetwork/@fBs.3/@interface/@inputVars.0" inConnections="//@connections.34" fbNetwork="//@fbNetwork"/>
    <interfaceElements iInterfaceElement="//@fbNetwork/@fBs.3/@interface/@eventOutputs.0" outConnections="//@connections.24" fbNetwork="//@fbNetwork"/>
    <interfaceElements iInterfaceElement="//@fbNetwork/@fBs.3/@interface/@outputVars.0" outConnections="//@connections.2" fbNetwork="//@fbNetwork"/>
  </children>
  <children xsi:type="org.fordiac.ide.model.ui:FBView" fb="//@fbNetwork/@fBs.4">
    <position x="988" y="38"/>
    <backgroundColor red="192" green="192" blue="192"/>
    <interfaceElements iInterfaceElement="//@fbNetwork/@fBs.4/@interface/@eventInputs.0" inConnections="//@connections.18" fbNetwork="//@fbNetwork"/>
    <interfaceElements iInterfaceElement="//@fbNetwork/@fBs.4/@interface/@inputVars.0" inConnections="//@connections.22" fbNetwork="//@fbNetwork"/>
    <interfaceElements iInterfaceElement="//@fbNetwork/@fBs.4/@interface/@eventOutputs.0" outConnections="//@connections.28" fbNetwork="//@fbNetwork"/>
    <interfaceElements iInterfaceElement="//@fbNetwork/@fBs.4/@interface/@outputVars.0" outConnections="//@connections.3" fbNetwork="//@fbNetwork"/>
  </children>
  <children xsi:type="org.fordiac.ide.model.ui:FBView" fb="//@fbNetwork/@fBs.5">
    <position x="988" y="646"/>
    <backgroundColor red="192" green="192" blue="192"/>
    <interfaceElements iInterfaceElement="//@fbNetwork/@fBs.5/@interface/@eventInputs.0" inConnections="//@connections.9" fbNetwork="//@fbNetwork"/>
    <interfaceElements iInterfaceElement="//@fbNetwork/@fBs.5/@interface/@inputVars.0" inConnections="//@connections.8" fbNetwork="//@fbNetwork"/>
    <interfaceElements iInterfaceElement="//@fbNetwork/@fBs.5/@interface/@eventOutputs.0" outConnections="//@connections.10" fbNetwork="//@fbNetwork"/>
    <interfaceElements iInterfaceElement="//@fbNetwork/@fBs.5/@interface/@outputVars.0" outConnections="//@connections.4" fbNetwork="//@fbNetwork"/>
  </children>
  <children xsi:type="org.fordiac.ide.model.ui:FBView" fb="//@fbNetwork/@fBs.6">
    <position x="950" y="323"/>
    <backgroundColor red="192" green="192" blue="192"/>
    <interfaceElements iInterfaceElement="//@fbNetwork/@fBs.6/@interface/@eventInputs.0" inConnections="//@connections.26" fbNetwork="//@fbNetwork"/>
    <interfaceElements iInterfaceElement="//@fbNetwork/@fBs.6/@interface/@eventInputs.1" inConnections="//@connections.30" fbNetwork="//@fbNetwork"/>
    <interfaceElements iInterfaceElement="//@fbNetwork/@fBs.6/@interface/@eventInputs.2" inConnections="//@connections.6" fbNetwork="//@fbNetwork"/>
    <interfaceElements iInterfaceElement="//@fbNetwork/@fBs.6/@interface/@eventInputs.3" inConnections="//@connections.7" fbNetwork="//@fbNetwork"/>
    <interfaceElements iInterfaceElement="//@fbNetwork/@fBs.6/@interface/@eventInputs.4" fbNetwork="//@fbNetwork"/>
    <interfaceElements iInterfaceElement="//@fbNetwork/@fBs.6/@interface/@eventOutputs.0" outConnections="//@connections.5" fbNetwork="//@fbNetwork"/>
  </children>
  <children xsi:type="org.fordiac.ide.model.ui:FBView" fb="//@fbNetwork/@fBs.7">
    <position x="836" y="589"/>
    <backgroundColor red="192" green="192" blue="192"/>
    <interfaceElements iInterfaceElement="//@fbNetwork/@fBs.7/@interface/@eventInputs.0" inConnections="//@connections.14" fbNetwork="//@fbNetwork"/>
    <interfaceElements iInterfaceElement="//@fbNetwork/@fBs.7/@interface/@eventInputs.1" inConnections="//@connections.12" fbNetwork="//@fbNetwork"/>
    <interfaceElements iInterfaceElement="//@fbNetwork/@fBs.7/@interface/@inputVars.0" fbNetwork="//@fbNetwork"/>
    <interfaceElements iInterfaceElement="//@fbNetwork/@fBs.7/@interface/@inputVars.1" fbNetwork="//@fbNetwork"/>
    <interfaceElements iInterfaceElement="//@fbNetwork/@fBs.7/@interface/@inputVars.2" inConnections="//@connections.13" fbNetwork="//@fbNetwork"/>
    <interfaceElements iInterfaceElement="//@fbNetwork/@fBs.7/@interface/@eventOutputs.0" fbNetwork="//@fbNetwork"/>
    <interfaceElements iInterfaceElement="//@fbNetwork/@fBs.7/@interface/@eventOutputs.1" outConnections="//@connections.9" fbNetwork="//@fbNetwork"/>
    <interfaceElements iInterfaceElement="//@fbNetwork/@fBs.7/@interface/@outputVars.0" fbNetwork="//@fbNetwork"/>
    <interfaceElements iInterfaceElement="//@fbNetwork/@fBs.7/@interface/@outputVars.1" fbNetwork="//@fbNetwork"/>
    <interfaceElements iInterfaceElement="//@fbNetwork/@fBs.7/@interface/@outputVars.2" outConnections="//@connections.8" fbNetwork="//@fbNetwork"/>
  </children>
  <children xsi:type="org.fordiac.ide.model.ui:FBView" fb="//@fbNetwork/@fBs.8">
    <position x="608" y="589"/>
    <backgroundColor red="192" green="192" blue="192"/>
    <interfaceElements iInterfaceElement="//@fbNetwork/@fBs.8/@interface/@eventInputs.0" inConnections="//@connections.44" fbNetwork="//@fbNetwork"/>
    <interfaceElements iInterfaceElement="//@fbNetwork/@fBs.8/@interface/@inputVars.0" inConnections="//@connections.11" fbNetwork="//@fbNetwork"/>
    <interfaceElements iInterfaceElement="//@fbNetwork/@fBs.8/@interface/@eventOutputs.0" outConnections="//@connections.12" fbNetwork="//@fbNetwork"/>
    <interfaceElements iInterfaceElement="//@fbNetwork/@fBs.8/@interface/@outputVars.0" outConnections="//@connections.13" fbNetwork="//@fbNetwork"/>
  </children>
  <children xsi:type="org.fordiac.ide.model.ui:FBView" fb="//@fbNetwork/@fBs.9">
    <position x="380" y="247"/>
    <backgroundColor red="192" green="192" blue="192"/>
    <interfaceElements iInterfaceElement="//@fbNetwork/@fBs.9/@interface/@eventInputs.0" inConnections="//@connections.16" fbNetwork="//@fbNetwork"/>
    <interfaceElements iInterfaceElement="//@fbNetwork/@fBs.9/@interface/@inputVars.0" inConnections="//@connections.35" fbNetwork="//@fbNetwork"/>
    <interfaceElements iInterfaceElement="//@fbNetwork/@fBs.9/@interface/@eventOutputs.0" outConnections="//@connections.25" fbNetwork="//@fbNetwork"/>
    <interfaceElements iInterfaceElement="//@fbNetwork/@fBs.9/@interface/@outputVars.0" outConnections="//@connections.17" fbNetwork="//@fbNetwork"/>
  </children>
  <children xsi:type="org.fordiac.ide.model.ui:FBView" fb="//@fbNetwork/@fBs.10">
    <position x="247" y="57"/>
    <backgroundColor red="192" green="192" blue="192"/>
    <interfaceElements iInterfaceElement="//@fbNetwork/@fBs.10/@interface/@eventInputs.0" inConnections="//@connections.33" fbNetwork="//@fbNetwork"/>
    <interfaceElements iInterfaceElement="//@fbNetwork/@fBs.10/@interface/@eventOutputs.0" outConnections="//@connections.31" fbNetwork="//@fbNetwork"/>
    <interfaceElements iInterfaceElement="//@fbNetwork/@fBs.10/@interface/@eventOutputs.1" outConnections="//@connections.15" fbNetwork="//@fbNetwork"/>
    <interfaceElements iInterfaceElement="//@fbNetwork/@fBs.10/@interface/@eventOutputs.2" outConnections="//@connections.16" fbNetwork="//@fbNetwork"/>
  </children>
  <children xsi:type="org.fordiac.ide.model.ui:FBView" fb="//@fbNetwork/@fBs.11">
    <position x="779" y="19"/>
    <backgroundColor red="192" green="192" blue="192"/>
    <interfaceElements iInterfaceElement="//@fbNetwork/@fBs.11/@interface/@eventInputs.0" inConnections="//@connections.19" fbNetwork="//@fbNetwork"/>
    <interfaceElements iInterfaceElement="//@fbNetwork/@fBs.11/@interface/@eventOutputs.0" outConnections="//@connections.20" fbNetwork="//@fbNetwork"/>
    <interfaceElements iInterfaceElement="//@fbNetwork/@fBs.11/@interface/@eventOutputs.1" outConnections="//@connections.18" fbNetwork="//@fbNetwork"/>
    <interfaceElements iInterfaceElement="//@fbNetwork/@fBs.11/@interface/@eventOutputs.2" outConnections="//@connections.21" fbNetwork="//@fbNetwork"/>
  </children>
  <children xsi:type="org.fordiac.ide.model.ui:FBView" fb="//@fbNetwork/@fBs.12">
    <position x="608" y="19"/>
    <backgroundColor red="192" green="192" blue="192"/>
    <interfaceElements iInterfaceElement="//@fbNetwork/@fBs.12/@interface/@eventInputs.0" inConnections="//@connections.32" fbNetwork="//@fbNetwork"/>
    <interfaceElements iInterfaceElement="//@fbNetwork/@fBs.12/@interface/@eventInputs.1" inConnections="//@connections.20" fbNetwork="//@fbNetwork"/>
    <interfaceElements iInterfaceElement="//@fbNetwork/@fBs.12/@interface/@inputVars.0" fbNetwork="//@fbNetwork"/>
    <interfaceElements iInterfaceElement="//@fbNetwork/@fBs.12/@interface/@inputVars.1" fbNetwork="//@fbNetwork"/>
    <interfaceElements iInterfaceElement="//@fbNetwork/@fBs.12/@interface/@eventOutputs.0" outConnections="//@connections.36" fbNetwork="//@fbNetwork"/>
    <interfaceElements iInterfaceElement="//@fbNetwork/@fBs.12/@interface/@eventOutputs.1" outConnections="//@connections.19" fbNetwork="//@fbNetwork"/>
    <interfaceElements iInterfaceElement="//@fbNetwork/@fBs.12/@interface/@outputVars.0" fbNetwork="//@fbNetwork"/>
    <interfaceElements iInterfaceElement="//@fbNetwork/@fBs.12/@interface/@outputVars.1" fbNetwork="//@fbNetwork"/>
    <interfaceElements iInterfaceElement="//@fbNetwork/@fBs.12/@interface/@outputVars.2" outConnections="//@connections.22" fbNetwork="//@fbNetwork"/>
    <interfaceElements iInterfaceElement="//@fbNetwork/@fBs.12/@interface/@outputVars.3" outConnections="//@connections.23" fbNetwork="//@fbNetwork"/>
  </children>
  <children xsi:type="org.fordiac.ide.model.ui:FBView" fb="//@fbNetwork/@fBs.13">
    <position x="969" y="171"/>
    <backgroundColor red="192" green="192" blue="192"/>
    <interfaceElements iInterfaceElement="//@fbNetwork/@fBs.13/@interface/@eventInputs.0" inConnections="//@connections.21" fbNetwork="//@fbNetwork"/>
    <interfaceElements iInterfaceElement="//@fbNetwork/@fBs.13/@interface/@inputVars.0" inConnections="//@connections.23" fbNetwork="//@fbNetwork"/>
    <interfaceElements iInterfaceElement="//@fbNetwork/@fBs.13/@interface/@eventOutputs.0" outConnections="//@connections.29" fbNetwork="//@fbNetwork"/>
    <interfaceElements iInterfaceElement="//@fbNetwork/@fBs.13/@interface/@outputVars.0" outConnections="//@connections.27" fbNetwork="//@fbNetwork"/>
  </children>
  <children xsi:type="org.fordiac.ide.model.ui:FBView" fb="//@fbNetwork/@fBs.14">
    <position x="513" y="209"/>
    <backgroundColor red="192" green="192" blue="192"/>
    <interfaceElements iInterfaceElement="//@fbNetwork/@fBs.14/@interface/@eventInputs.0" inConnections="//@connections.24" fbNetwork="//@fbNetwork"/>
    <interfaceElements iInterfaceElement="//@fbNetwork/@fBs.14/@interface/@eventInputs.1" inConnections="//@connections.25" fbNetwork="//@fbNetwork"/>
    <interfaceElements iInterfaceElement="//@fbNetwork/@fBs.14/@interface/@eventInputs.2" fbNetwork="//@fbNetwork"/>
    <interfaceElements iInterfaceElement="//@fbNetwork/@fBs.14/@interface/@eventOutputs.0" outConnections="//@connections.26" fbNetwork="//@fbNetwork"/>
  </children>
  <children xsi:type="org.fordiac.ide.model.ui:FBView" fb="//@fbNetwork/@fBs.15">
    <position x="1178" y="190"/>
    <backgroundColor red="192" green="192" blue="192"/>
    <interfaceElements iInterfaceElement="//@fbNetwork/@fBs.15/@interface/@eventInputs.0" inConnections="//@connections.28" fbNetwork="//@fbNetwork"/>
    <interfaceElements iInterfaceElement="//@fbNetwork/@fBs.15/@interface/@eventInputs.1" inConnections="//@connections.29" fbNetwork="//@fbNetwork"/>
    <interfaceElements iInterfaceElement="//@fbNetwork/@fBs.15/@interface/@eventInputs.2" fbNetwork="//@fbNetwork"/>
    <interfaceElements iInterfaceElement="//@fbNetwork/@fBs.15/@interface/@eventOutputs.0" outConnections="//@connections.30" fbNetwork="//@fbNetwork"/>
  </children>
  <children xsi:type="org.fordiac.ide.model.ui:FBView" fb="//@fbNetwork/@fBs.16">
    <position x="95" y="57"/>
    <backgroundColor red="192" green="192" blue="192"/>
    <interfaceElements iInterfaceElement="//@fbNetwork/@fBs.16/@interface/@eventInputs.0" fbNetwork="//@fbNetwork"/>
    <interfaceElements iInterfaceElement="//@fbNetwork/@fBs.16/@interface/@eventInputs.1" inConnections="//@connections.31" fbNetwork="//@fbNetwork"/>
    <interfaceElements iInterfaceElement="//@fbNetwork/@fBs.16/@interface/@inputVars.0" fbNetwork="//@fbNetwork"/>
    <interfaceElements iInterfaceElement="//@fbNetwork/@fBs.16/@interface/@inputVars.1" fbNetwork="//@fbNetwork"/>
    <interfaceElements iInterfaceElement="//@fbNetwork/@fBs.16/@interface/@eventOutputs.0" outConnections="//@connections.32" fbNetwork="//@fbNetwork"/>
    <interfaceElements iInterfaceElement="//@fbNetwork/@fBs.16/@interface/@eventOutputs.1" outConnections="//@connections.33" fbNetwork="//@fbNetwork"/>
    <interfaceElements iInterfaceElement="//@fbNetwork/@fBs.16/@interface/@outputVars.0" fbNetwork="//@fbNetwork"/>
    <interfaceElements iInterfaceElement="//@fbNetwork/@fBs.16/@interface/@outputVars.1" fbNetwork="//@fbNetwork"/>
    <interfaceElements iInterfaceElement="//@fbNetwork/@fBs.16/@interface/@outputVars.2" outConnections="//@connections.34" fbNetwork="//@fbNetwork"/>
    <interfaceElements iInterfaceElement="//@fbNetwork/@fBs.16/@interface/@outputVars.3" outConnections="//@connections.35" fbNetwork="//@fbNetwork"/>
  </children>
  <children xsi:type="org.fordiac.ide.model.ui:FBView" fb="//@fbNetwork/@fBs.17">
    <position x="95" y="437"/>
    <backgroundColor red="192" green="192" blue="192"/>
    <interfaceElements iInterfaceElement="//@fbNetwork/@fBs.17/@interface/@eventInputs.0" inConnections="//@connections.36" fbNetwork="//@fbNetwork"/>
    <interfaceElements iInterfaceElement="//@fbNetwork/@fBs.17/@interface/@eventInputs.1" inConnections="//@connections.43" fbNetwork="//@fbNetwork"/>
    <interfaceElements iInterfaceElement="//@fbNetwork/@fBs.17/@interface/@inputVars.0" fbNetwork="//@fbNetwork"/>
    <interfaceElements iInterfaceElement="//@fbNetwork/@fBs.17/@interface/@inputVars.1" fbNetwork="//@fbNetwork"/>
    <interfaceElements iInterfaceElement="//@fbNetwork/@fBs.17/@interface/@eventOutputs.0" outConnections="//@connections.37" fbNetwork="//@fbNetwork"/>
    <interfaceElements iInterfaceElement="//@fbNetwork/@fBs.17/@interface/@eventOutputs.1" outConnections="//@connections.40" fbNetwork="//@fbNetwork"/>
    <interfaceElements iInterfaceElement="//@fbNetwork/@fBs.17/@interface/@outputVars.0" fbNetwork="//@fbNetwork"/>
    <interfaceElements iInterfaceElement="//@fbNetwork/@fBs.17/@interface/@outputVars.1" fbNetwork="//@fbNetwork"/>
    <interfaceElements iInterfaceElement="//@fbNetwork/@fBs.17/@interface/@outputVars.2" outConnections="//@connections.38 //@connections.39" fbNetwork="//@fbNetwork"/>
  </children>
  <children xsi:type="org.fordiac.ide.model.ui:FBView" fb="//@fbNetwork/@fBs.18">
    <position x="247" y="475"/>
    <backgroundColor red="192" green="192" blue="192"/>
    <interfaceElements iInterfaceElement="//@fbNetwork/@fBs.18/@interface/@eventInputs.0" inConnections="//@connections.40" fbNetwork="//@fbNetwork"/>
    <interfaceElements iInterfaceElement="//@fbNetwork/@fBs.18/@interface/@eventOutputs.0" outConnections="//@connections.41" fbNetwork="//@fbNetwork"/>
    <interfaceElements iInterfaceElement="//@fbNetwork/@fBs.18/@interface/@eventOutputs.1" outConnections="//@connections.42" fbNetwork="//@fbNetwork"/>
    <interfaceElements iInterfaceElement="//@fbNetwork/@fBs.18/@interface/@eventOutputs.2" outConnections="//@connections.43" fbNetwork="//@fbNetwork"/>
  </children>
  <connections xsi:type="org.fordiac.ide.model.ui:ConnectionView" connectionElement="//@fbNetwork/@dataConnections.4" source="//@children.1/@interfaceElements.3" destination="//@children.0/@interfaceElements.8"/>
  <connections xsi:type="org.fordiac.ide.model.ui:ConnectionView" connectionElement="//@fbNetwork/@dataConnections.5" source="//@children.2/@interfaceElements.3" destination="//@children.0/@interfaceElements.9"/>
  <connections xsi:type="org.fordiac.ide.model.ui:ConnectionView" connectionElement="//@fbNetwork/@dataConnections.0" source="//@children.3/@interfaceElements.3" destination="//@children.0/@interfaceElements.4"/>
  <connections xsi:type="org.fordiac.ide.model.ui:ConnectionView" connectionElement="//@fbNetwork/@dataConnections.1" source="//@children.4/@interfaceElements.3" destination="//@children.0/@interfaceElements.5"/>
  <connections xsi:type="org.fordiac.ide.model.ui:ConnectionView" connectionElement="//@fbNetwork/@dataConnections.6" source="//@children.5/@interfaceElements.3" destination="//@children.0/@interfaceElements.10"/>
  <connections xsi:type="org.fordiac.ide.model.ui:ConnectionView" connectionElement="//@fbNetwork/@eventConnections.1" source="//@children.6/@interfaceElements.5" destination="//@children.0/@interfaceElements.1"/>
  <connections xsi:type="org.fordiac.ide.model.ui:ConnectionView" connectionElement="//@fbNetwork/@eventConnections.6" source="//@children.1/@interfaceElements.2" destination="//@children.6/@interfaceElements.2"/>
  <connections xsi:type="org.fordiac.ide.model.ui:ConnectionView" connectionElement="//@fbNetwork/@eventConnections.8" source="//@children.2/@interfaceElements.2" destination="//@children.6/@interfaceElements.3"/>
  <connections xsi:type="org.fordiac.ide.model.ui:ConnectionView" connectionElement="//@fbNetwork/@dataConnections.12" source="//@children.7/@interfaceElements.9" destination="//@children.5/@interfaceElements.1"/>
  <connections xsi:type="org.fordiac.ide.model.ui:ConnectionView" connectionElement="//@fbNetwork/@eventConnections.13" source="//@children.7/@interfaceElements.6" destination="//@children.5/@interfaceElements.0"/>
  <connections xsi:type="org.fordiac.ide.model.ui:ConnectionView" connectionElement="//@fbNetwork/@eventConnections.2" source="//@children.5/@interfaceElements.2" destination="//@children.0/@interfaceElements.2"/>
  <connections xsi:type="org.fordiac.ide.model.ui:ConnectionView" connectionElement="//@fbNetwork/@dataConnections.7" source="//@children.0/@interfaceElements.16" destination="//@children.8/@interfaceElements.1"/>
  <connections xsi:type="org.fordiac.ide.model.ui:ConnectionView" connectionElement="//@fbNetwork/@eventConnections.16" source="//@children.8/@interfaceElements.2" destination="//@children.7/@interfaceElements.1"/>
  <connections xsi:type="org.fordiac.ide.model.ui:ConnectionView" connectionElement="//@fbNetwork/@dataConnections.13" source="//@children.8/@interfaceElements.3" destination="//@children.7/@interfaceElements.4"/>
  <connections xsi:type="org.fordiac.ide.model.ui:ConnectionView" connectionElement="//@fbNetwork/@eventConnections.3" source="//@children.0/@interfaceElements.11" destination="//@children.7/@interfaceElements.0"/>
  <connections xsi:type="org.fordiac.ide.model.ui:ConnectionView" connectionElement="//@fbNetwork/@eventConnections.9" source="//@children.10/@interfaceElements.2" destination="//@children.3/@interfaceElements.0"/>
  <connections xsi:type="org.fordiac.ide.model.ui:ConnectionView" connectionElement="//@fbNetwork/@eventConnections.17" source="//@children.10/@interfaceElements.3" destination="//@children.9/@interfaceElements.0"/>
  <connections xsi:type="org.fordiac.ide.model.ui:ConnectionView" connectionElement="//@fbNetwork/@dataConnections.2" source="//@children.9/@interfaceElements.3" destination="//@children.0/@interfaceElements.6"/>
  <connections xsi:type="org.fordiac.ide.model.ui:ConnectionView" connectionElement="//@fbNetwork/@eventConnections.11" source="//@children.11/@interfaceElements.2" destination="//@children.4/@interfaceElements.0"/>
  <connections xsi:type="org.fordiac.ide.model.ui:ConnectionView" connectionElement="//@fbNetwork/@eventConnections.21" source="//@children.12/@interfaceElements.5" destination="//@children.11/@interfaceElements.0"/>
  <connections xsi:type="org.fordiac.ide.model.ui:ConnectionView" connectionElement="//@fbNetwork/@eventConnections.22" source="//@children.11/@interfaceElements.1" destination="//@children.12/@interfaceElements.1"/>
  <connections xsi:type="org.fordiac.ide.model.ui:ConnectionView" connectionElement="//@fbNetwork/@eventConnections.23" source="//@children.11/@interfaceElements.3" destination="//@children.13/@interfaceElements.0"/>
  <connections xsi:type="org.fordiac.ide.model.ui:ConnectionView" connectionElement="//@fbNetwork/@dataConnections.11" source="//@children.12/@interfaceElements.8" destination="//@children.4/@interfaceElements.1"/>
  <connections xsi:type="org.fordiac.ide.model.ui:ConnectionView" connectionElement="//@fbNetwork/@dataConnections.15" source="//@children.12/@interfaceElements.9" destination="//@children.13/@interfaceElements.1"/>
  <connections xsi:type="org.fordiac.ide.model.ui:ConnectionView" connectionElement="//@fbNetwork/@eventConnections.10" source="//@children.3/@interfaceElements.2" destination="//@children.14/@interfaceElements.0"/>
  <connections xsi:type="org.fordiac.ide.model.ui:ConnectionView" connectionElement="//@fbNetwork/@eventConnections.18" source="//@children.9/@interfaceElements.2" destination="//@children.14/@interfaceElements.1"/>
  <connections xsi:type="org.fordiac.ide.model.ui:ConnectionView" connectionElement="//@fbNetwork/@eventConnections.14" source="//@children.14/@interfaceElements.3" destination="//@children.6/@interfaceElements.0"/>
  <connections xsi:type="org.fordiac.ide.model.ui:ConnectionView" connectionElement="//@fbNetwork/@dataConnections.3" source="//@children.13/@interfaceElements.3" destination="//@children.0/@interfaceElements.7"/>
  <connections xsi:type="org.fordiac.ide.model.ui:ConnectionView" connectionElement="//@fbNetwork/@eventConnections.12" source="//@children.4/@interfaceElements.2" destination="//@children.15/@interfaceElements.0"/>
  <connections xsi:type="org.fordiac.ide.model.ui:ConnectionView" connectionElement="//@fbNetwork/@eventConnections.26" source="//@children.13/@interfaceElements.2" destination="//@children.15/@interfaceElements.1"/>
  <connections xsi:type="org.fordiac.ide.model.ui:ConnectionView" connectionElement="//@fbNetwork/@eventConnections.15" source="//@children.15/@interfaceElements.3" destination="//@children.6/@interfaceElements.1"/>
  <connections xsi:type="org.fordiac.ide.model.ui:ConnectionView" connectionElement="//@fbNetwork/@eventConnections.20" source="//@children.10/@interfaceElements.1" destination="//@children.16/@interfaceElements.1"/>
  <connections xsi:type="org.fordiac.ide.model.ui:ConnectionView" connectionElement="//@fbNetwork/@eventConnections.24" source="//@children.16/@interfaceElements.4" destination="//@children.12/@interfaceElements.0"/>
  <connections xsi:type="org.fordiac.ide.model.ui:ConnectionView" connectionElement="//@fbNetwork/@eventConnections.19" source="//@children.16/@interfaceElements.5" destination="//@children.10/@interfaceElements.0"/>
  <connections xsi:type="org.fordiac.ide.model.ui:ConnectionView" connectionElement="//@fbNetwork/@dataConnections.10" source="//@children.16/@interfaceElements.8" destination="//@children.3/@interfaceElements.1"/>
  <connections xsi:type="org.fordiac.ide.model.ui:ConnectionView" connectionElement="//@fbNetwork/@dataConnections.14" source="//@children.16/@interfaceElements.9" destination="//@children.9/@interfaceElements.1"/>
  <connections xsi:type="org.fordiac.ide.model.ui:ConnectionView" connectionElement="//@fbNetwork/@eventConnections.25" source="//@children.12/@interfaceElements.4" destination="//@children.17/@interfaceElements.0"/>
  <connections xsi:type="org.fordiac.ide.model.ui:ConnectionView" connectionElement="//@fbNetwork/@eventConnections.0" source="//@children.17/@interfaceElements.4" destination="//@children.0/@interfaceElements.0"/>
  <connections xsi:type="org.fordiac.ide.model.ui:ConnectionView" connectionElement="//@fbNetwork/@dataConnections.8" source="//@children.17/@interfaceElements.8" destination="//@children.1/@interfaceElements.1"/>
  <connections xsi:type="org.fordiac.ide.model.ui:ConnectionView" connectionElement="//@fbNetwork/@dataConnections.9" source="//@children.17/@interfaceElements.8" destination="//@children.2/@interfaceElements.1"/>
  <connections xsi:type="org.fordiac.ide.model.ui:ConnectionView" connectionElement="//@fbNetwork/@eventConnections.28" source="//@children.17/@interfaceElements.5" destination="//@children.18/@interfaceElements.0"/>
  <connections xsi:type="org.fordiac.ide.model.ui:ConnectionView" connectionElement="//@fbNetwork/@eventConnections.5" source="//@children.18/@interfaceElements.1" destination="//@children.1/@interfaceElements.0"/>
  <connections xsi:type="org.fordiac.ide.model.ui:ConnectionView" connectionElement="//@fbNetwork/@eventConnections.7" source="//@children.18/@interfaceElements.2" destination="//@children.2/@interfaceElements.0"/>
  <connections xsi:type="org.fordiac.ide.model.ui:ConnectionView" connectionElement="//@fbNetwork/@eventConnections.27" source="//@children.18/@interfaceElements.3" destination="//@children.17/@interfaceElements.1"/>
  <connections xsi:type="org.fordiac.ide.model.ui:ConnectionView" connectionElement="//@fbNetwork/@eventConnections.4" source="//@children.0/@interfaceElements.12" destination="//@children.8/@interfaceElements.0"/>
  <fbNetwork>
    <fBs name="FB_PVPROG_00_0" identifier="true" id="_hClA4EtcEeeyKsWIFCVeUQ" fbtPath="PVTController\PVprog\FB_PVPROG_00.fbt">
      <interface>
        <eventInputs name="INIT" comment="Initialization Request" isInput="true" inputConnections="//@fbNetwork/@eventConnections.0">
          <with variables="//@fbNetwork/@fBs.0/@interface/@inputVars.0"/>
        </eventInputs>
        <eventInputs name="PUD" comment="Power Update Event" isInput="true" inputConnections="//@fbNetwork/@eventConnections.1">
          <with variables="//@fbNetwork/@fBs.0/@interface/@inputVars.1"/>
          <with variables="//@fbNetwork/@fBs.0/@interface/@inputVars.2"/>
          <with variables="//@fbNetwork/@fBs.0/@interface/@inputVars.3"/>
          <with variables="//@fbNetwork/@fBs.0/@interface/@inputVars.4"/>
          <with variables="//@fbNetwork/@fBs.0/@interface/@inputVars.5"/>
          <with variables="//@fbNetwork/@fBs.0/@interface/@inputVars.6"/>
        </eventInputs>
        <eventInputs name="BUD" comment="Battery Update Event" isInput="true" inputConnections="//@fbNetwork/@eventConnections.2">
          <with variables="//@fbNetwork/@fBs.0/@interface/@inputVars.7"/>
        </eventInputs>
        <eventOutputs name="INITO" comment="Initialization Confirm" outputConnections="//@fbNetwork/@eventConnections.3">
          <with variables="//@fbNetwork/@fBs.0/@interface/@outputVars.0"/>
        </eventOutputs>
        <eventOutputs name="PCNF" comment="Power Update Confirmation" outputConnections="//@fbNetwork/@eventConnections.4">
          <with variables="//@fbNetwork/@fBs.0/@interface/@outputVars.1"/>
        </eventOutputs>
        <eventOutputs name="BCNF" comment="Battery Update Confirmation"/>
        <eventOutputs name="REJ" comment="Request Rejection Notification">
          <with variables="//@fbNetwork/@fBs.0/@interface/@outputVars.2"/>
        </eventOutputs>
        <inputVars name="QI" comment="Input event qualifier" isInput="true" arraySize="-1" typeName="BOOL" withs="//@fbNetwork/@fBs.0/@interface/@eventInputs.0/@with.0">
          <value value="TRUE"/>
        </inputVars>
        <inputVars name="PPV" comment="PV power in W" isInput="true" arraySize="-1" inputConnections="//@fbNetwork/@dataConnections.0" typeName="LREAL" withs="//@fbNetwork/@fBs.0/@interface/@eventInputs.1/@with.0">
          <value/>
        </inputVars>
        <inputVars name="PLD" comment="Load in W" isInput="true" arraySize="-1" inputConnections="//@fbNetwork/@dataConnections.1" typeName="LREAL" withs="//@fbNetwork/@fBs.0/@interface/@eventInputs.1/@with.1">
          <value/>
        </inputVars>
        <inputVars name="FL" comment="Feed-in limitation in W (0 for none)" isInput="true" arraySize="-1" inputConnections="//@fbNetwork/@dataConnections.2" typeName="LREAL" withs="//@fbNetwork/@fBs.0/@interface/@eventInputs.1/@with.2">
          <value/>
        </inputVars>
        <inputVars name="LL" comment="Load limit in W (0 for none)" isInput="true" arraySize="-1" inputConnections="//@fbNetwork/@dataConnections.3" typeName="LREAL" withs="//@fbNetwork/@fBs.0/@interface/@eventInputs.1/@with.3">
          <value/>
        </inputVars>
        <inputVars name="DOY" comment="Day of the year [1..365]" isInput="true" arraySize="-1" inputConnections="//@fbNetwork/@dataConnections.4" typeName="UINT" withs="//@fbNetwork/@fBs.0/@interface/@eventInputs.1/@with.4">
          <value/>
          <varInitialization initialValue="1"/>
        </inputVars>
        <inputVars name="TD" comment="Time of day [min] [0..1439]" isInput="true" arraySize="-1" inputConnections="//@fbNetwork/@dataConnections.5" typeName="UINT" withs="//@fbNetwork/@fBs.0/@interface/@eventInputs.1/@with.5">
          <value/>
        </inputVars>
        <inputVars name="SOC" comment="State of charge of the battery [0..1]" isInput="true" arraySize="-1" inputConnections="//@fbNetwork/@dataConnections.6" typeName="LREAL" withs="//@fbNetwork/@fBs.0/@interface/@eventInputs.2/@with.0">
          <value/>
          <varInitialization initialValue="0.5"/>
        </inputVars>
        <outputVars name="QO" comment="Output event qualifier" arraySize="-1" typeName="BOOL" withs="//@fbNetwork/@fBs.0/@interface/@eventOutputs.0/@with.0"/>
        <outputVars name="PB" comment="Set battery charging power in W (positive = charge, negative = discharge)" arraySize="-1" outputConnections="//@fbNetwork/@dataConnections.7" typeName="LREAL" withs="//@fbNetwork/@fBs.0/@interface/@eventOutputs.1/@with.0"/>
        <outputVars name="RO" comment="Rejection reason indicator. TRUE: Not enough time passed; FALSE: Currently locked" arraySize="-1" typeName="BOOL" withs="//@fbNetwork/@fBs.0/@interface/@eventOutputs.3/@with.0"/>
      </interface>
      <position x="1368" y="323"/>
    </fBs>
    <fBs name="DT_TO_DOY_UINT" identifier="true" id="_se3eAEtcEeeyKsWIFCVeUQ" fbtPath="PVTController\Convert\DT_TO_DOY_UINT.fbt">
      <interface>
        <eventInputs name="REQ" comment="Normal Execution Request" isInput="true" inputConnections="//@fbNetwork/@eventConnections.5">
          <with variables="//@fbNetwork/@fBs.1/@interface/@inputVars.0"/>
        </eventInputs>
        <eventOutputs name="CNF" comment="Execution Confirmation" outputConnections="//@fbNetwork/@eventConnections.6">
          <with variables="//@fbNetwork/@fBs.1/@interface/@outputVars.0"/>
        </eventOutputs>
        <inputVars name="DT" comment="Input date" isInput="true" arraySize="-1" inputConnections="//@fbNetwork/@dataConnections.8" typeName="DATE_AND_TIME" withs="//@fbNetwork/@fBs.1/@interface/@eventInputs.0/@with.0">
          <value/>
        </inputVars>
        <outputVars name="DOY" comment="Output event qualifier" arraySize="-1" outputConnections="//@fbNetwork/@dataConnections.4" typeName="UINT" withs="//@fbNetwork/@fBs.1/@interface/@eventOutputs.0/@with.0"/>
      </interface>
      <position x="380" y="361"/>
    </fBs>
    <fBs name="DT_TO_TD_UINT" identifier="true" id="_tPH2QEtcEeeyKsWIFCVeUQ" fbtPath="PVTController\Convert\DT_TO_TD_UINT.fbt">
      <interface>
        <eventInputs name="REQ" comment="Normal Execution Request" isInput="true" inputConnections="//@fbNetwork/@eventConnections.7">
          <with variables="//@fbNetwork/@fBs.2/@interface/@inputVars.0"/>
        </eventInputs>
        <eventOutputs name="CNF" comment="Execution Confirmation" outputConnections="//@fbNetwork/@eventConnections.8">
          <with variables="//@fbNetwork/@fBs.2/@interface/@outputVars.0"/>
        </eventOutputs>
        <inputVars name="DT" comment="Input date" isInput="true" arraySize="-1" inputConnections="//@fbNetwork/@dataConnections.9" typeName="DATE_AND_TIME" withs="//@fbNetwork/@fBs.2/@interface/@eventInputs.0/@with.0">
          <value/>
        </inputVars>
        <outputVars name="TD" comment="Time of day in s [0,..,1439]" arraySize="-1" outputConnections="//@fbNetwork/@dataConnections.5" typeName="UINT" withs="//@fbNetwork/@fBs.2/@interface/@eventOutputs.0/@with.0"/>
      </interface>
      <position x="342" y="570"/>
    </fBs>
    <fBs name="PV_POWER_W" identifier="true" id="_U2uHMEuMEee8vulU9f6EDQ" fbtPath="convert\LREAL2LREAL.fbt">
      <interface>
        <eventInputs name="REQ" comment="Normal Execution Request" isInput="true" inputConnections="//@fbNetwork/@eventConnections.9">
          <with variables="//@fbNetwork/@fBs.3/@interface/@inputVars.0"/>
        </eventInputs>
        <eventOutputs name="CNF" comment="Execution Confirmation" outputConnections="//@fbNetwork/@eventConnections.10">
          <with variables="//@fbNetwork/@fBs.3/@interface/@outputVars.0"/>
        </eventOutputs>
        <inputVars name="IN" comment="Input event qualifier" isInput="true" arraySize="-1" inputConnections="//@fbNetwork/@dataConnections.10" typeName="LREAL" withs="//@fbNetwork/@fBs.3/@interface/@eventInputs.0/@with.0">
          <value/>
        </inputVars>
        <outputVars name="OUT" comment="Output event qualifier" arraySize="-1" outputConnections="//@fbNetwork/@dataConnections.0" typeName="LREAL" withs="//@fbNetwork/@fBs.3/@interface/@eventOutputs.0/@with.0"/>
      </interface>
      <position x="361" y="95"/>
    </fBs>
    <fBs name="LOAD_W" identifier="true" id="_boiZQEuMEee8vulU9f6EDQ" fbtPath="convert\LREAL2LREAL.fbt">
      <interface>
        <eventInputs name="REQ" comment="Normal Execution Request" isInput="true" inputConnections="//@fbNetwork/@eventConnections.11">
          <with variables="//@fbNetwork/@fBs.4/@interface/@inputVars.0"/>
        </eventInputs>
        <eventOutputs name="CNF" comment="Execution Confirmation" outputConnections="//@fbNetwork/@eventConnections.12">
          <with variables="//@fbNetwork/@fBs.4/@interface/@outputVars.0"/>
        </eventOutputs>
        <inputVars name="IN" comment="Input event qualifier" isInput="true" arraySize="-1" inputConnections="//@fbNetwork/@dataConnections.11" typeName="LREAL" withs="//@fbNetwork/@fBs.4/@interface/@eventInputs.0/@with.0">
          <value/>
        </inputVars>
        <outputVars name="OUT" comment="Output event qualifier" arraySize="-1" outputConnections="//@fbNetwork/@dataConnections.1" typeName="LREAL" withs="//@fbNetwork/@fBs.4/@interface/@eventOutputs.0/@with.0"/>
      </interface>
      <position x="988" y="57"/>
    </fBs>
    <fBs name="LREAL2LREAL_1" identifier="true" id="_h4pFYEuMEee8vulU9f6EDQ" fbtPath="convert\LREAL2LREAL.fbt">
      <interface>
        <eventInputs name="REQ" comment="Normal Execution Request" isInput="true" inputConnections="//@fbNetwork/@eventConnections.13">
          <with variables="//@fbNetwork/@fBs.5/@interface/@inputVars.0"/>
        </eventInputs>
        <eventOutputs name="CNF" comment="Execution Confirmation" outputConnections="//@fbNetwork/@eventConnections.2">
          <with variables="//@fbNetwork/@fBs.5/@interface/@outputVars.0"/>
        </eventOutputs>
        <inputVars name="IN" comment="Input event qualifier" isInput="true" arraySize="-1" inputConnections="//@fbNetwork/@dataConnections.12" typeName="LREAL" withs="//@fbNetwork/@fBs.5/@interface/@eventInputs.0/@with.0">
          <value/>
        </inputVars>
        <outputVars name="OUT" comment="Output event qualifier" arraySize="-1" outputConnections="//@fbNetwork/@dataConnections.6" typeName="LREAL" withs="//@fbNetwork/@fBs.5/@interface/@eventOutputs.0/@with.0"/>
      </interface>
      <position x="1159" y="646"/>
    </fBs>
    <fBs name="E_REND_4" identifier="true" id="_SSSM0EuSEee8vulU9f6EDQ" fbtPath="PVTController\Events\E_REND_4.fbt">
      <interface>
        <eventInputs name="E1" comment="First input event" isInput="true" inputConnections="//@fbNetwork/@eventConnections.14"/>
        <eventInputs name="E2" comment="Second input event" isInput="true" inputConnections="//@fbNetwork/@eventConnections.15"/>
        <eventInputs name="E3" comment="Third input event" isInput="true" inputConnections="//@fbNetwork/@eventConnections.6"/>
        <eventInputs name="E4" comment="Fourth input event" isInput="true" inputConnections="//@fbNetwork/@eventConnections.8"/>
        <eventInputs name="R" comment="Fith input event" isInput="true"/>
        <eventOutputs name="EO" comment="Output event" outputConnections="//@fbNetwork/@eventConnections.1"/>
      </interface>
      <position x="608" y="342"/>
    </fBs>
    <fBs name="BATTERY" identifier="true" id="_OVbkcEuMEee8vulU9f6EDQ" fbtPath="net\CLIENT_1.fbt">
      <interface>
        <eventInputs name="INIT" comment="Service Initialization" isInput="true" inputConnections="//@fbNetwork/@eventConnections.3">
          <with variables="//@fbNetwork/@fBs.7/@interface/@inputVars.0"/>
          <with variables="//@fbNetwork/@fBs.7/@interface/@inputVars.1"/>
        </eventInputs>
        <eventInputs name="REQ" comment="Service Request" isInput="true" inputConnections="//@fbNetwork/@eventConnections.16">
          <with variables="//@fbNetwork/@fBs.7/@interface/@inputVars.0"/>
          <with variables="//@fbNetwork/@fBs.7/@interface/@inputVars.2"/>
        </eventInputs>
        <eventOutputs name="INITO" comment="Initialization Confirm">
          <with variables="//@fbNetwork/@fBs.7/@interface/@outputVars.0"/>
          <with variables="//@fbNetwork/@fBs.7/@interface/@outputVars.1"/>
        </eventOutputs>
        <eventOutputs name="CNF" comment="Service Confirmation" outputConnections="//@fbNetwork/@eventConnections.13">
          <with variables="//@fbNetwork/@fBs.7/@interface/@outputVars.0"/>
          <with variables="//@fbNetwork/@fBs.7/@interface/@outputVars.1"/>
          <with variables="//@fbNetwork/@fBs.7/@interface/@outputVars.2"/>
        </eventOutputs>
        <inputVars name="QI" comment="Event Input Qualifier" isInput="true" arraySize="-1" typeName="BOOL" withs="//@fbNetwork/@fBs.7/@interface/@eventInputs.0/@with.0 //@fbNetwork/@fBs.7/@interface/@eventInputs.1/@with.0">
          <value value="TRUE"/>
        </inputVars>
        <inputVars name="ID" comment="Connection Identifier" isInput="true" arraySize="-1" typeName="WSTRING" withs="//@fbNetwork/@fBs.7/@interface/@eventInputs.0/@with.1">
          <value value="192.168.1.144:61507"/>
        </inputVars>
        <inputVars name="SD_1" comment="Data to Send" isInput="true" arraySize="-1" inputConnections="//@fbNetwork/@dataConnections.13" typeName="ANY" withs="//@fbNetwork/@fBs.7/@interface/@eventInputs.1/@with.1">
          <value/>
        </inputVars>
        <outputVars name="QO" comment="Event Output Qualifier" arraySize="-1" typeName="BOOL" withs="//@fbNetwork/@fBs.7/@interface/@eventOutputs.0/@with.0 //@fbNetwork/@fBs.7/@interface/@eventOutputs.1/@with.0"/>
        <outputVars name="STATUS" comment="Service Status" arraySize="-1" typeName="WSTRING" withs="//@fbNetwork/@fBs.7/@interface/@eventOutputs.0/@with.1 //@fbNetwork/@fBs.7/@interface/@eventOutputs.1/@with.1"/>
        <outputVars name="RD_1" comment="Received Data" arraySize="-1" outputConnections="//@fbNetwork/@dataConnections.12" typeName="ANY" withs="//@fbNetwork/@fBs.7/@interface/@eventOutputs.1/@with.2"/>
      </interface>
      <position x="988" y="589"/>
    </fBs>
    <fBs name="LREAL2LREAL_2" identifier="true" id="_SCtDQEuTEee8vulU9f6EDQ" fbtPath="convert\LREAL2LREAL.fbt">
      <interface>
        <eventInputs name="REQ" comment="Normal Execution Request" isInput="true" inputConnections="//@fbNetwork/@eventConnections.4">
          <with variables="//@fbNetwork/@fBs.8/@interface/@inputVars.0"/>
        </eventInputs>
        <eventOutputs name="CNF" comment="Execution Confirmation" outputConnections="//@fbNetwork/@eventConnections.16">
          <with variables="//@fbNetwork/@fBs.8/@interface/@outputVars.0"/>
        </eventOutputs>
        <inputVars name="IN" comment="Input event qualifier" isInput="true" arraySize="-1" inputConnections="//@fbNetwork/@dataConnections.7" typeName="LREAL" withs="//@fbNetwork/@fBs.8/@interface/@eventInputs.0/@with.0">
          <value/>
        </inputVars>
        <outputVars name="OUT" comment="Output event qualifier" arraySize="-1" outputConnections="//@fbNetwork/@dataConnections.13" typeName="LREAL" withs="//@fbNetwork/@fBs.8/@interface/@eventOutputs.0/@with.0"/>
      </interface>
      <position x="760" y="589"/>
    </fBs>
    <fBs name="FEED_IN_LIMIT_W" identifier="true" id="_jXxQoEueEee8vulU9f6EDQ" fbtPath="convert\LREAL2LREAL.fbt">
      <interface>
        <eventInputs name="REQ" comment="Normal Execution Request" isInput="true" inputConnections="//@fbNetwork/@eventConnections.17">
          <with variables="//@fbNetwork/@fBs.9/@interface/@inputVars.0"/>
        </eventInputs>
        <eventOutputs name="CNF" comment="Execution Confirmation" outputConnections="//@fbNetwork/@eventConnections.18">
          <with variables="//@fbNetwork/@fBs.9/@interface/@outputVars.0"/>
        </eventOutputs>
        <inputVars name="IN" comment="Input event qualifier" isInput="true" arraySize="-1" inputConnections="//@fbNetwork/@dataConnections.14" typeName="LREAL" withs="//@fbNetwork/@fBs.9/@interface/@eventInputs.0/@with.0">
          <value/>
        </inputVars>
        <outputVars name="OUT" comment="Output event qualifier" arraySize="-1" outputConnections="//@fbNetwork/@dataConnections.2" typeName="LREAL" withs="//@fbNetwork/@fBs.9/@interface/@eventOutputs.0/@with.0"/>
      </interface>
      <position x="228" y="228"/>
    </fBs>
    <fBs name="E_SPLIT_3" identifier="true" id="_Q-DR4EufEee8vulU9f6EDQ" fbtPath="PVTController\Events\E_SPLIT_3.fbt">
      <interface>
        <eventInputs name="EI" comment="Input event" isInput="true" inputConnections="//@fbNetwork/@eventConnections.19"/>
        <eventOutputs name="E1" comment="Execution Confirmation" outputConnections="//@fbNetwork/@eventConnections.20"/>
        <eventOutputs name="E2" outputConnections="//@fbNetwork/@eventConnections.9"/>
        <eventOutputs name="E3" outputConnections="//@fbNetwork/@eventConnections.17"/>
      </interface>
      <position x="247" y="57"/>
    </fBs>
    <fBs name="E_SPLIT_3_0" identifier="true" id="_cKptMEufEee8vulU9f6EDQ" fbtPath="PVTController\Events\E_SPLIT_3.fbt">
      <interface>
        <eventInputs name="EI" comment="Input event" isInput="true" inputConnections="//@fbNetwork/@eventConnections.21"/>
        <eventOutputs name="E1" comment="Execution Confirmation" outputConnections="//@fbNetwork/@eventConnections.22"/>
        <eventOutputs name="E2" outputConnections="//@fbNetwork/@eventConnections.11"/>
        <eventOutputs name="E3" outputConnections="//@fbNetwork/@eventConnections.23"/>
      </interface>
      <position x="836" y="19"/>
    </fBs>
    <fBs name="LOAD" identifier="true" id="_w7LF4EuLEee8vulU9f6EDQ" fbtPath="net\SERVER_0_2.fbt">
      <interface>
        <eventInputs name="INIT" comment="Service Initialization" isInput="true" inputConnections="//@fbNetwork/@eventConnections.24">
          <with variables="//@fbNetwork/@fBs.12/@interface/@inputVars.0"/>
          <with variables="//@fbNetwork/@fBs.12/@interface/@inputVars.1"/>
        </eventInputs>
        <eventInputs name="RSP" comment="Service Response" isInput="true" inputConnections="//@fbNetwork/@eventConnections.22">
          <with variables="//@fbNetwork/@fBs.12/@interface/@inputVars.0"/>
        </eventInputs>
        <eventOutputs name="INITO" comment="Initialization Confirm" outputConnections="//@fbNetwork/@eventConnections.25">
          <with variables="//@fbNetwork/@fBs.12/@interface/@outputVars.0"/>
          <with variables="//@fbNetwork/@fBs.12/@interface/@outputVars.1"/>
        </eventOutputs>
        <eventOutputs name="IND" comment="Service Indication" outputConnections="//@fbNetwork/@eventConnections.21">
          <with variables="//@fbNetwork/@fBs.12/@interface/@outputVars.0"/>
          <with variables="//@fbNetwork/@fBs.12/@interface/@outputVars.1"/>
          <with variables="//@fbNetwork/@fBs.12/@interface/@outputVars.2"/>
          <with variables="//@fbNetwork/@fBs.12/@interface/@outputVars.3"/>
        </eventOutputs>
        <inputVars name="QI" comment="Event Input Qualifier" isInput="true" arraySize="-1" typeName="BOOL" withs="//@fbNetwork/@fBs.12/@interface/@eventInputs.0/@with.0 //@fbNetwork/@fBs.12/@interface/@eventInputs.1/@with.0">
          <value value="TRUE"/>
        </inputVars>
        <inputVars name="ID" comment="Connection Identifier" isInput="true" arraySize="-1" typeName="WSTRING" withs="//@fbNetwork/@fBs.12/@interface/@eventInputs.0/@with.1">
          <value value="localhost:61505"/>
        </inputVars>
        <outputVars name="QO" comment="Event Output Qualifier" arraySize="-1" typeName="BOOL" withs="//@fbNetwork/@fBs.12/@interface/@eventOutputs.0/@with.0 //@fbNetwork/@fBs.12/@interface/@eventOutputs.1/@with.0"/>
        <outputVars name="STATUS" comment="Service Status" arraySize="-1" typeName="WSTRING" withs="//@fbNetwork/@fBs.12/@interface/@eventOutputs.0/@with.1 //@fbNetwork/@fBs.12/@interface/@eventOutputs.1/@with.1"/>
        <outputVars name="RD_1" comment="Received Data" arraySize="-1" outputConnections="//@fbNetwork/@dataConnections.11" typeName="ANY" withs="//@fbNetwork/@fBs.12/@interface/@eventOutputs.1/@with.2"/>
        <outputVars name="RD_2" comment="Received Data" arraySize="-1" outputConnections="//@fbNetwork/@dataConnections.15" typeName="ANY" withs="//@fbNetwork/@fBs.12/@interface/@eventOutputs.1/@with.3"/>
      </interface>
      <position x="703" y="19"/>
    </fBs>
    <fBs name="LOAD_LIMIT_W" identifier="true" id="_mQYAAEufEee8vulU9f6EDQ" fbtPath="convert\LREAL2LREAL.fbt">
      <interface>
        <eventInputs name="REQ" comment="Normal Execution Request" isInput="true" inputConnections="//@fbNetwork/@eventConnections.23">
          <with variables="//@fbNetwork/@fBs.13/@interface/@inputVars.0"/>
        </eventInputs>
        <eventOutputs name="CNF" comment="Execution Confirmation" outputConnections="//@fbNetwork/@eventConnections.26">
          <with variables="//@fbNetwork/@fBs.13/@interface/@outputVars.0"/>
        </eventOutputs>
        <inputVars name="IN" comment="Input event qualifier" isInput="true" arraySize="-1" inputConnections="//@fbNetwork/@dataConnections.15" typeName="LREAL" withs="//@fbNetwork/@fBs.13/@interface/@eventInputs.0/@with.0">
          <value/>
        </inputVars>
        <outputVars name="OUT" comment="Output event qualifier" arraySize="-1" outputConnections="//@fbNetwork/@dataConnections.3" typeName="LREAL" withs="//@fbNetwork/@fBs.13/@interface/@eventOutputs.0/@with.0"/>
      </interface>
      <position x="1083" y="171"/>
    </fBs>
    <fBs name="E_REND_1" identifier="true" id="_yIAVUEufEee8vulU9f6EDQ" fbtPath="events\E_REND.fbt">
      <interface>
        <eventInputs name="EI1" comment="First Event Input" isInput="true" inputConnections="//@fbNetwork/@eventConnections.10"/>
        <eventInputs name="EI2" comment="Second Event Input" isInput="true" inputConnections="//@fbNetwork/@eventConnections.18"/>
        <eventInputs name="R" comment="Reset Event" isInput="true"/>
        <eventOutputs name="EO" comment="Rendezvous Output Event" outputConnections="//@fbNetwork/@eventConnections.14"/>
      </interface>
      <position x="513" y="209"/>
    </fBs>
    <fBs name="E_REND_2" identifier="true" id="_4fT1oEufEee8vulU9f6EDQ" fbtPath="events\E_REND.fbt">
      <interface>
        <eventInputs name="EI1" comment="First Event Input" isInput="true" inputConnections="//@fbNetwork/@eventConnections.12"/>
        <eventInputs name="EI2" comment="Second Event Input" isInput="true" inputConnections="//@fbNetwork/@eventConnections.26"/>
        <eventInputs name="R" comment="Reset Event" isInput="true"/>
        <eventOutputs name="EO" comment="Rendezvous Output Event" outputConnections="//@fbNetwork/@eventConnections.15"/>
      </interface>
      <position x="1254" y="190"/>
    </fBs>
    <fBs name="PV_GENERATOR" identifier="true" id="_eSLxgEuLEee8vulU9f6EDQ" fbtPath="net\SERVER_0_2.fbt">
      <interface>
        <eventInputs name="INIT" comment="Service Initialization" isInput="true">
          <with variables="//@fbNetwork/@fBs.16/@interface/@inputVars.0"/>
          <with variables="//@fbNetwork/@fBs.16/@interface/@inputVars.1"/>
        </eventInputs>
        <eventInputs name="RSP" comment="Service Response" isInput="true" inputConnections="//@fbNetwork/@eventConnections.20">
          <with variables="//@fbNetwork/@fBs.16/@interface/@inputVars.0"/>
        </eventInputs>
        <eventOutputs name="INITO" comment="Initialization Confirm" outputConnections="//@fbNetwork/@eventConnections.24">
          <with variables="//@fbNetwork/@fBs.16/@interface/@outputVars.0"/>
          <with variables="//@fbNetwork/@fBs.16/@interface/@outputVars.1"/>
        </eventOutputs>
        <eventOutputs name="IND" comment="Service Indication" outputConnections="//@fbNetwork/@eventConnections.19">
          <with variables="//@fbNetwork/@fBs.16/@interface/@outputVars.0"/>
          <with variables="//@fbNetwork/@fBs.16/@interface/@outputVars.1"/>
          <with variables="//@fbNetwork/@fBs.16/@interface/@outputVars.2"/>
          <with variables="//@fbNetwork/@fBs.16/@interface/@outputVars.3"/>
        </eventOutputs>
        <inputVars name="QI" comment="Event Input Qualifier" isInput="true" arraySize="-1" typeName="BOOL" withs="//@fbNetwork/@fBs.16/@interface/@eventInputs.0/@with.0 //@fbNetwork/@fBs.16/@interface/@eventInputs.1/@with.0">
          <value value="TRUE"/>
        </inputVars>
        <inputVars name="ID" comment="Connection Identifier" isInput="true" arraySize="-1" typeName="WSTRING" withs="//@fbNetwork/@fBs.16/@interface/@eventInputs.0/@with.1">
          <value value="localhost:61504"/>
        </inputVars>
        <outputVars name="QO" comment="Event Output Qualifier" arraySize="-1" typeName="BOOL" withs="//@fbNetwork/@fBs.16/@interface/@eventOutputs.0/@with.0 //@fbNetwork/@fBs.16/@interface/@eventOutputs.1/@with.0"/>
        <outputVars name="STATUS" comment="Service Status" arraySize="-1" typeName="WSTRING" withs="//@fbNetwork/@fBs.16/@interface/@eventOutputs.0/@with.1 //@fbNetwork/@fBs.16/@interface/@eventOutputs.1/@with.1"/>
        <outputVars name="RD_1" comment="Received Data" arraySize="-1" outputConnections="//@fbNetwork/@dataConnections.10" typeName="ANY" withs="//@fbNetwork/@fBs.16/@interface/@eventOutputs.1/@with.2"/>
        <outputVars name="RD_2" comment="Received Data" arraySize="-1" outputConnections="//@fbNetwork/@dataConnections.14" typeName="ANY" withs="//@fbNetwork/@fBs.16/@interface/@eventOutputs.1/@with.3"/>
      </interface>
      <position x="95" y="57"/>
    </fBs>
    <fBs name="CLOCK" identifier="true" id="_5hyWYEuLEee8vulU9f6EDQ" fbtPath="net\SERVER_0_1.fbt">
      <interface>
        <eventInputs name="INIT" comment="Service Initialization" isInput="true" inputConnections="//@fbNetwork/@eventConnections.25">
          <with variables="//@fbNetwork/@fBs.17/@interface/@inputVars.0"/>
          <with variables="//@fbNetwork/@fBs.17/@interface/@inputVars.1"/>
        </eventInputs>
        <eventInputs name="RSP" comment="Service Response" isInput="true" inputConnections="//@fbNetwork/@eventConnections.27">
          <with variables="//@fbNetwork/@fBs.17/@interface/@inputVars.0"/>
        </eventInputs>
        <eventOutputs name="INITO" comment="Initialization Confirm" outputConnections="//@fbNetwork/@eventConnections.0">
          <with variables="//@fbNetwork/@fBs.17/@interface/@outputVars.0"/>
          <with variables="//@fbNetwork/@fBs.17/@interface/@outputVars.1"/>
        </eventOutputs>
        <eventOutputs name="IND" comment="Service Indication" outputConnections="//@fbNetwork/@eventConnections.28">
          <with variables="//@fbNetwork/@fBs.17/@interface/@outputVars.0"/>
          <with variables="//@fbNetwork/@fBs.17/@interface/@outputVars.1"/>
          <with variables="//@fbNetwork/@fBs.17/@interface/@outputVars.2"/>
        </eventOutputs>
        <inputVars name="QI" comment="Event Input Qualifier" isInput="true" arraySize="-1" typeName="BOOL" withs="//@fbNetwork/@fBs.17/@interface/@eventInputs.0/@with.0 //@fbNetwork/@fBs.17/@interface/@eventInputs.1/@with.0">
          <value value="TRUE"/>
        </inputVars>
        <inputVars name="ID" comment="Connection Identifier" isInput="true" arraySize="-1" typeName="WSTRING" withs="//@fbNetwork/@fBs.17/@interface/@eventInputs.0/@with.1">
          <value value="localhost:61506"/>
        </inputVars>
        <outputVars name="QO" comment="Event Output Qualifier" arraySize="-1" typeName="BOOL" withs="//@fbNetwork/@fBs.17/@interface/@eventOutputs.0/@with.0 //@fbNetwork/@fBs.17/@interface/@eventOutputs.1/@with.0"/>
        <outputVars name="STATUS" comment="Service Status" arraySize="-1" typeName="WSTRING" withs="//@fbNetwork/@fBs.17/@interface/@eventOutputs.0/@with.1 //@fbNetwork/@fBs.17/@interface/@eventOutputs.1/@with.1"/>
        <outputVars name="RD_1" comment="Received Data" arraySize="-1" outputConnections="//@fbNetwork/@dataConnections.8 //@fbNetwork/@dataConnections.9" typeName="ANY" withs="//@fbNetwork/@fBs.17/@interface/@eventOutputs.1/@with.2"/>
      </interface>
      <position x="95" y="437"/>
    </fBs>
    <fBs name="E_SPLIT_2" identifier="true" id="_DAJuQEuMEee8vulU9f6EDQ" fbtPath="PVTController\Events\E_SPLIT_3.fbt">
      <interface>
        <eventInputs name="EI" comment="Input event" isInput="true" inputConnections="//@fbNetwork/@eventConnections.28"/>
        <eventOutputs name="E1" comment="Execution Confirmation" outputConnections="//@fbNetwork/@eventConnections.5"/>
        <eventOutputs name="E2" outputConnections="//@fbNetwork/@eventConnections.7"/>
        <eventOutputs name="E3" outputConnections="//@fbNetwork/@eventConnections.27"/>
      </interface>
      <position x="247" y="475"/>
    </fBs>
    <dataConnections dx1="447" source="//@fbNetwork/@fBs.3/@interface/@outputVars.0" destination="//@fbNetwork/@fBs.0/@interface/@inputVars.1"/>
    <dataConnections dx1="131" source="//@fbNetwork/@fBs.4/@interface/@outputVars.0" destination="//@fbNetwork/@fBs.0/@interface/@inputVars.2"/>
    <dataConnections dx1="173" source="//@fbNetwork/@fBs.9/@interface/@outputVars.0" destination="//@fbNetwork/@fBs.0/@interface/@inputVars.3"/>
    <dataConnections source="//@fbNetwork/@fBs.13/@interface/@outputVars.0" destination="//@fbNetwork/@fBs.0/@interface/@inputVars.4"/>
    <dataConnections source="//@fbNetwork/@fBs.1/@interface/@outputVars.0" destination="//@fbNetwork/@fBs.0/@interface/@inputVars.5"/>
    <dataConnections dx1="29" source="//@fbNetwork/@fBs.2/@interface/@outputVars.0" destination="//@fbNetwork/@fBs.0/@interface/@inputVars.6"/>
    <dataConnections dx1="56" dx2="-108" dy="-28" source="//@fbNetwork/@fBs.5/@interface/@outputVars.0" destination="//@fbNetwork/@fBs.0/@interface/@inputVars.7"/>
    <dataConnections dx1="30" dy="179" source="//@fbNetwork/@fBs.0/@interface/@outputVars.1" destination="//@fbNetwork/@fBs.8/@interface/@inputVars.0"/>
    <dataConnections source="//@fbNetwork/@fBs.17/@interface/@outputVars.2" destination="//@fbNetwork/@fBs.1/@interface/@inputVars.0"/>
    <dataConnections source="//@fbNetwork/@fBs.17/@interface/@outputVars.2" destination="//@fbNetwork/@fBs.2/@interface/@inputVars.0"/>
    <dataConnections source="//@fbNetwork/@fBs.16/@interface/@outputVars.2" destination="//@fbNetwork/@fBs.3/@interface/@inputVars.0"/>
    <dataConnections dx1="247" source="//@fbNetwork/@fBs.12/@interface/@outputVars.2" destination="//@fbNetwork/@fBs.4/@interface/@inputVars.0"/>
    <dataConnections source="//@fbNetwork/@fBs.7/@interface/@outputVars.2" destination="//@fbNetwork/@fBs.5/@interface/@inputVars.0"/>
    <dataConnections source="//@fbNetwork/@fBs.8/@interface/@outputVars.0" destination="//@fbNetwork/@fBs.7/@interface/@inputVars.2"/>
    <dataConnections source="//@fbNetwork/@fBs.16/@interface/@outputVars.3" destination="//@fbNetwork/@fBs.9/@interface/@inputVars.0"/>
    <dataConnections dx1="228" source="//@fbNetwork/@fBs.12/@interface/@outputVars.3" destination="//@fbNetwork/@fBs.13/@interface/@inputVars.0"/>
    <eventConnections dx1="892" source="//@fbNetwork/@fBs.17/@interface/@eventOutputs.0" destination="//@fbNetwork/@fBs.0/@interface/@eventInputs.0"/>
    <eventConnections source="//@fbNetwork/@fBs.6/@interface/@eventOutputs.0" destination="//@fbNetwork/@fBs.0/@interface/@eventInputs.1"/>
    <eventConnections dx1="-23" dx2="-100" source="//@fbNetwork/@fBs.5/@interface/@eventOutputs.0" destination="//@fbNetwork/@fBs.0/@interface/@eventInputs.2"/>
    <eventConnections dy="92" source="//@fbNetwork/@fBs.0/@interface/@eventOutputs.0" destination="//@fbNetwork/@fBs.7/@interface/@eventInputs.0"/>
    <eventConnections dx1="40" dx2="-27" dy="259" source="//@fbNetwork/@fBs.0/@interface/@eventOutputs.1" destination="//@fbNetwork/@fBs.8/@interface/@eventInputs.0"/>
    <eventConnections dx1="38" source="//@fbNetwork/@fBs.18/@interface/@eventOutputs.0" destination="//@fbNetwork/@fBs.1/@interface/@eventInputs.0"/>
    <eventConnections dx1="56" source="//@fbNetwork/@fBs.1/@interface/@eventOutputs.0" destination="//@fbNetwork/@fBs.6/@interface/@eventInputs.2"/>
    <eventConnections dx1="37" source="//@fbNetwork/@fBs.18/@interface/@eventOutputs.1" destination="//@fbNetwork/@fBs.2/@interface/@eventInputs.0"/>
    <eventConnections dx1="77" source="//@fbNetwork/@fBs.2/@interface/@eventOutputs.0" destination="//@fbNetwork/@fBs.6/@interface/@eventInputs.3"/>
    <eventConnections dx1="36" source="//@fbNetwork/@fBs.10/@interface/@eventOutputs.1" destination="//@fbNetwork/@fBs.3/@interface/@eventInputs.0"/>
    <eventConnections dx1="139" source="//@fbNetwork/@fBs.3/@interface/@eventOutputs.0" destination="//@fbNetwork/@fBs.14/@interface/@eventInputs.0"/>
    <eventConnections dx1="122" source="//@fbNetwork/@fBs.11/@interface/@eventOutputs.1" destination="//@fbNetwork/@fBs.4/@interface/@eventInputs.0"/>
    <eventConnections dx1="243" source="//@fbNetwork/@fBs.4/@interface/@eventOutputs.0" destination="//@fbNetwork/@fBs.15/@interface/@eventInputs.0"/>
    <eventConnections source="//@fbNetwork/@fBs.7/@interface/@eventOutputs.1" destination="//@fbNetwork/@fBs.5/@interface/@eventInputs.0"/>
    <eventConnections dx1="9" source="//@fbNetwork/@fBs.14/@interface/@eventOutputs.0" destination="//@fbNetwork/@fBs.6/@interface/@eventInputs.0"/>
    <eventConnections dx2="-28" dy="8" source="//@fbNetwork/@fBs.15/@interface/@eventOutputs.0" destination="//@fbNetwork/@fBs.6/@interface/@eventInputs.1"/>
    <eventConnections source="//@fbNetwork/@fBs.8/@interface/@eventOutputs.0" destination="//@fbNetwork/@fBs.7/@interface/@eventInputs.1"/>
    <eventConnections dx1="-3" source="//@fbNetwork/@fBs.10/@interface/@eventOutputs.2" destination="//@fbNetwork/@fBs.9/@interface/@eventInputs.0"/>
    <eventConnections source="//@fbNetwork/@fBs.9/@interface/@eventOutputs.0" destination="//@fbNetwork/@fBs.14/@interface/@eventInputs.1"/>
    <eventConnections dx1="37" source="//@fbNetwork/@fBs.16/@interface/@eventOutputs.1" destination="//@fbNetwork/@fBs.10/@interface/@eventInputs.0"/>
    <eventConnections dy="-40" source="//@fbNetwork/@fBs.10/@interface/@eventOutputs.0" destination="//@fbNetwork/@fBs.16/@interface/@eventInputs.1"/>
    <eventConnections dx1="67" source="//@fbNetwork/@fBs.12/@interface/@eventOutputs.1" destination="//@fbNetwork/@fBs.11/@interface/@eventInputs.0"/>
    <eventConnections dy="-51" source="//@fbNetwork/@fBs.11/@interface/@eventOutputs.0" destination="//@fbNetwork/@fBs.12/@interface/@eventInputs.1"/>
    <eventConnections dx1="46" source="//@fbNetwork/@fBs.11/@interface/@eventOutputs.2" destination="//@fbNetwork/@fBs.13/@interface/@eventInputs.0"/>
    <eventConnections source="//@fbNetwork/@fBs.16/@interface/@eventOutputs.0" destination="//@fbNetwork/@fBs.12/@interface/@eventInputs.0"/>
    <eventConnections dy="100" source="//@fbNetwork/@fBs.12/@interface/@eventOutputs.0" destination="//@fbNetwork/@fBs.17/@interface/@eventInputs.0"/>
    <eventConnections source="//@fbNetwork/@fBs.13/@interface/@eventOutputs.0" destination="//@fbNetwork/@fBs.15/@interface/@eventInputs.1"/>
    <eventConnections dx2="-93" dy="115" source="//@fbNetwork/@fBs.18/@interface/@eventOutputs.2" destination="//@fbNetwork/@fBs.17/@interface/@eventInputs.1"/>
    <eventConnections dx1="41" source="//@fbNetwork/@fBs.17/@interface/@eventOutputs.1" destination="//@fbNetwork/@fBs.18/@interface/@eventInputs.0"/>
    <application href="PVTController.xml#//@application.4"/>
  </fbNetwork>
</org.fordiac.ide.model.ui:UIFBNetwork>
