<?xml version="1.0" encoding="UTF-8"?>
<org.fordiac.ide.model.ui:UIFBNetwork xmi:version="2.0" xmlns:xmi="http://www.omg.org/XMI" xmlns:xsi="http://www.w3.org/2001/XMLSchema-instance" xmlns:libraryElement="org.fordiac.ide.model.libraryElement" xmlns:org.fordiac.ide.model.ui="org.fordiac.ide.model.ui">
  <children xsi:type="org.fordiac.ide.model.ui:FBView" fb="//@fbNetwork/@fBs.0">
    <position x="343" y="419"/>
    <backgroundColor red="192" green="192" blue="192"/>
    <interfaceElements iInterfaceElement="//@fbNetwork/@fBs.0/@interface/@eventInputs.0" inConnections="//@connections.6" fbNetwork="//@fbNetwork">
      <mappedInterfaceElement href="SysConf.xml#//@children.0/@resourceContainerView/@resources.0/@uIResourceDiagram/@children.1/@interfaceElements.0"/>
    </interfaceElements>
    <interfaceElements iInterfaceElement="//@fbNetwork/@fBs.0/@interface/@inputVars.0" inConnections="//@connections.8" fbNetwork="//@fbNetwork">
      <mappedInterfaceElement href="SysConf.xml#//@children.0/@resourceContainerView/@resources.0/@uIResourceDiagram/@children.1/@interfaceElements.1"/>
    </interfaceElements>
    <interfaceElements iInterfaceElement="//@fbNetwork/@fBs.0/@interface/@eventOutputs.0" outConnections="//@connections.0" fbNetwork="//@fbNetwork">
      <mappedInterfaceElement href="SysConf.xml#//@children.0/@resourceContainerView/@resources.0/@uIResourceDiagram/@children.1/@interfaceElements.2"/>
    </interfaceElements>
    <interfaceElements iInterfaceElement="//@fbNetwork/@fBs.0/@interface/@outputVars.0" outConnections="//@connections.13" fbNetwork="//@fbNetwork">
      <mappedInterfaceElement href="SysConf.xml#//@children.0/@resourceContainerView/@resources.0/@uIResourceDiagram/@children.1/@interfaceElements.3"/>
    </interfaceElements>
    <mappedFB href="SysConf.xml#//@children.0/@resourceContainerView/@resources.0/@uIResourceDiagram/@children.1"/>
  </children>
  <children xsi:type="org.fordiac.ide.model.ui:FBView" fb="//@fbNetwork/@fBs.1">
    <position x="362" y="229"/>
    <backgroundColor red="192" green="192" blue="192"/>
    <interfaceElements iInterfaceElement="//@fbNetwork/@fBs.1/@interface/@eventInputs.0" inConnections="//@connections.19" fbNetwork="//@fbNetwork">
      <mappedInterfaceElement href="SysConf.xml#//@children.0/@resourceContainerView/@resources.0/@uIResourceDiagram/@children.2/@interfaceElements.0"/>
    </interfaceElements>
    <interfaceElements iInterfaceElement="//@fbNetwork/@fBs.1/@interface/@inputVars.0" inConnections="//@connections.20" fbNetwork="//@fbNetwork">
      <mappedInterfaceElement href="SysConf.xml#//@children.0/@resourceContainerView/@resources.0/@uIResourceDiagram/@children.2/@interfaceElements.1"/>
    </interfaceElements>
    <interfaceElements iInterfaceElement="//@fbNetwork/@fBs.1/@interface/@eventOutputs.0" outConnections="//@connections.5" fbNetwork="//@fbNetwork">
      <mappedInterfaceElement href="SysConf.xml#//@children.0/@resourceContainerView/@resources.0/@uIResourceDiagram/@children.2/@interfaceElements.2"/>
    </interfaceElements>
    <interfaceElements iInterfaceElement="//@fbNetwork/@fBs.1/@interface/@outputVars.0" outConnections="//@connections.12" fbNetwork="//@fbNetwork">
      <mappedInterfaceElement href="SysConf.xml#//@children.0/@resourceContainerView/@resources.0/@uIResourceDiagram/@children.2/@interfaceElements.3"/>
    </interfaceElements>
    <mappedFB href="SysConf.xml#//@children.0/@resourceContainerView/@resources.0/@uIResourceDiagram/@children.2"/>
  </children>
  <children xsi:type="org.fordiac.ide.model.ui:FBView" fb="//@fbNetwork/@fBs.2">
    <position x="495" y="400"/>
    <backgroundColor red="192" green="192" blue="192"/>
    <interfaceElements iInterfaceElement="//@fbNetwork/@fBs.2/@interface/@eventInputs.0" inConnections="//@connections.0" fbNetwork="//@fbNetwork">
      <mappedInterfaceElement href="SysConf.xml#//@children.0/@resourceContainerView/@resources.0/@uIResourceDiagram/@children.3/@interfaceElements.0"/>
    </interfaceElements>
    <interfaceElements iInterfaceElement="//@fbNetwork/@fBs.2/@interface/@eventOutputs.0" outConnections="//@connections.3" fbNetwork="//@fbNetwork">
      <mappedInterfaceElement href="SysConf.xml#//@children.0/@resourceContainerView/@resources.0/@uIResourceDiagram/@children.3/@interfaceElements.1"/>
    </interfaceElements>
    <interfaceElements iInterfaceElement="//@fbNetwork/@fBs.2/@interface/@eventOutputs.1" outConnections="//@connections.11" fbNetwork="//@fbNetwork">
      <mappedInterfaceElement href="SysConf.xml#//@children.0/@resourceContainerView/@resources.0/@uIResourceDiagram/@children.3/@interfaceElements.2"/>
    </interfaceElements>
    <mappedFB href="SysConf.xml#//@children.0/@resourceContainerView/@resources.0/@uIResourceDiagram/@children.3"/>
  </children>
  <children xsi:type="org.fordiac.ide.model.ui:FBView" fb="//@fbNetwork/@fBs.3">
    <position x="343" y="609"/>
    <backgroundColor red="192" green="192" blue="192"/>
    <interfaceElements iInterfaceElement="//@fbNetwork/@fBs.3/@interface/@eventInputs.0" inConnections="//@connections.1" fbNetwork="//@fbNetwork">
      <mappedInterfaceElement href="SysConf.xml#//@children.0/@resourceContainerView/@resources.0/@uIResourceDiagram/@children.4/@interfaceElements.0"/>
    </interfaceElements>
    <interfaceElements iInterfaceElement="//@fbNetwork/@fBs.3/@interface/@inputVars.0" inConnections="//@connections.4" fbNetwork="//@fbNetwork">
      <mappedInterfaceElement href="SysConf.xml#//@children.0/@resourceContainerView/@resources.0/@uIResourceDiagram/@children.4/@interfaceElements.1"/>
    </interfaceElements>
    <interfaceElements iInterfaceElement="//@fbNetwork/@fBs.3/@interface/@eventOutputs.0" outConnections="//@connections.9" fbNetwork="//@fbNetwork">
      <mappedInterfaceElement href="SysConf.xml#//@children.0/@resourceContainerView/@resources.0/@uIResourceDiagram/@children.4/@interfaceElements.2"/>
    </interfaceElements>
    <interfaceElements iInterfaceElement="//@fbNetwork/@fBs.3/@interface/@outputVars.0" outConnections="//@connections.14" fbNetwork="//@fbNetwork">
      <mappedInterfaceElement href="SysConf.xml#//@children.0/@resourceContainerView/@resources.0/@uIResourceDiagram/@children.4/@interfaceElements.3"/>
    </interfaceElements>
    <mappedFB href="SysConf.xml#//@children.0/@resourceContainerView/@resources.0/@uIResourceDiagram/@children.4"/>
  </children>
  <children xsi:type="org.fordiac.ide.model.ui:FBView" fb="//@fbNetwork/@fBs.4">
    <position x="191" y="400"/>
    <backgroundColor red="192" green="192" blue="192"/>
    <interfaceElements iInterfaceElement="//@fbNetwork/@fBs.4/@interface/@eventInputs.0" inConnections="//@connections.18" fbNetwork="//@fbNetwork">
      <mappedInterfaceElement href="SysConf.xml#//@children.0/@resourceContainerView/@resources.0/@uIResourceDiagram/@children.5/@interfaceElements.0"/>
    </interfaceElements>
    <interfaceElements iInterfaceElement="//@fbNetwork/@fBs.4/@interface/@eventInputs.1" inConnections="//@connections.11" fbNetwork="//@fbNetwork">
      <mappedInterfaceElement href="SysConf.xml#//@children.0/@resourceContainerView/@resources.0/@uIResourceDiagram/@children.5/@interfaceElements.1"/>
    </interfaceElements>
    <interfaceElements iInterfaceElement="//@fbNetwork/@fBs.4/@interface/@inputVars.0" fbNetwork="//@fbNetwork">
      <mappedInterfaceElement href="SysConf.xml#//@children.0/@resourceContainerView/@resources.0/@uIResourceDiagram/@children.5/@interfaceElements.2"/>
    </interfaceElements>
    <interfaceElements iInterfaceElement="//@fbNetwork/@fBs.4/@interface/@inputVars.1" fbNetwork="//@fbNetwork">
      <mappedInterfaceElement href="SysConf.xml#//@children.0/@resourceContainerView/@resources.0/@uIResourceDiagram/@children.5/@interfaceElements.3"/>
    </interfaceElements>
    <interfaceElements iInterfaceElement="//@fbNetwork/@fBs.4/@interface/@eventOutputs.0" outConnections="//@connections.2" fbNetwork="//@fbNetwork">
      <mappedInterfaceElement href="SysConf.xml#//@children.0/@resourceContainerView/@resources.0/@uIResourceDiagram/@children.5/@interfaceElements.4"/>
    </interfaceElements>
    <interfaceElements iInterfaceElement="//@fbNetwork/@fBs.4/@interface/@eventOutputs.1" outConnections="//@connections.6" fbNetwork="//@fbNetwork">
      <mappedInterfaceElement href="SysConf.xml#//@children.0/@resourceContainerView/@resources.0/@uIResourceDiagram/@children.5/@interfaceElements.5"/>
    </interfaceElements>
    <interfaceElements iInterfaceElement="//@fbNetwork/@fBs.4/@interface/@outputVars.0" fbNetwork="//@fbNetwork">
      <mappedInterfaceElement href="SysConf.xml#//@children.0/@resourceContainerView/@resources.0/@uIResourceDiagram/@children.5/@interfaceElements.6"/>
    </interfaceElements>
    <interfaceElements iInterfaceElement="//@fbNetwork/@fBs.4/@interface/@outputVars.1" fbNetwork="//@fbNetwork">
      <mappedInterfaceElement href="SysConf.xml#//@children.0/@resourceContainerView/@resources.0/@uIResourceDiagram/@children.5/@interfaceElements.7"/>
    </interfaceElements>
    <interfaceElements iInterfaceElement="//@fbNetwork/@fBs.4/@interface/@outputVars.2" outConnections="//@connections.8" fbNetwork="//@fbNetwork">
      <mappedInterfaceElement href="SysConf.xml#//@children.0/@resourceContainerView/@resources.0/@uIResourceDiagram/@children.5/@interfaceElements.8"/>
    </interfaceElements>
    <mappedFB href="SysConf.xml#//@children.0/@resourceContainerView/@resources.0/@uIResourceDiagram/@children.5"/>
  </children>
  <children xsi:type="org.fordiac.ide.model.ui:FBView" fb="//@fbNetwork/@fBs.5">
    <position x="495" y="609"/>
    <backgroundColor red="192" green="192" blue="192"/>
    <interfaceElements iInterfaceElement="//@fbNetwork/@fBs.5/@interface/@eventInputs.0" inConnections="//@connections.9" fbNetwork="//@fbNetwork">
      <mappedInterfaceElement href="SysConf.xml#//@children.0/@resourceContainerView/@resources.0/@uIResourceDiagram/@children.6/@interfaceElements.0"/>
    </interfaceElements>
    <interfaceElements iInterfaceElement="//@fbNetwork/@fBs.5/@interface/@eventOutputs.0" outConnections="//@connections.7" fbNetwork="//@fbNetwork">
      <mappedInterfaceElement href="SysConf.xml#//@children.0/@resourceContainerView/@resources.0/@uIResourceDiagram/@children.6/@interfaceElements.1"/>
    </interfaceElements>
    <interfaceElements iInterfaceElement="//@fbNetwork/@fBs.5/@interface/@eventOutputs.1" outConnections="//@connections.10" fbNetwork="//@fbNetwork">
      <mappedInterfaceElement href="SysConf.xml#//@children.0/@resourceContainerView/@resources.0/@uIResourceDiagram/@children.6/@interfaceElements.2"/>
    </interfaceElements>
    <mappedFB href="SysConf.xml#//@children.0/@resourceContainerView/@resources.0/@uIResourceDiagram/@children.6"/>
  </children>
  <children xsi:type="org.fordiac.ide.model.ui:FBView" fb="//@fbNetwork/@fBs.6">
    <position x="628" y="343"/>
    <backgroundColor red="192" green="192" blue="192"/>
    <interfaceElements iInterfaceElement="//@fbNetwork/@fBs.6/@interface/@eventInputs.0" inConnections="//@connections.5" fbNetwork="//@fbNetwork">
      <mappedInterfaceElement href="SysConf.xml#//@children.0/@resourceContainerView/@resources.0/@uIResourceDiagram/@children.7/@interfaceElements.0"/>
    </interfaceElements>
    <interfaceElements iInterfaceElement="//@fbNetwork/@fBs.6/@interface/@eventInputs.1" inConnections="//@connections.3" fbNetwork="//@fbNetwork">
      <mappedInterfaceElement href="SysConf.xml#//@children.0/@resourceContainerView/@resources.0/@uIResourceDiagram/@children.7/@interfaceElements.1"/>
    </interfaceElements>
    <interfaceElements iInterfaceElement="//@fbNetwork/@fBs.6/@interface/@eventInputs.2" inConnections="//@connections.7" fbNetwork="//@fbNetwork">
      <mappedInterfaceElement href="SysConf.xml#//@children.0/@resourceContainerView/@resources.0/@uIResourceDiagram/@children.7/@interfaceElements.2"/>
    </interfaceElements>
    <interfaceElements iInterfaceElement="//@fbNetwork/@fBs.6/@interface/@eventInputs.3" fbNetwork="//@fbNetwork">
      <mappedInterfaceElement href="SysConf.xml#//@children.0/@resourceContainerView/@resources.0/@uIResourceDiagram/@children.7/@interfaceElements.3"/>
    </interfaceElements>
    <interfaceElements iInterfaceElement="//@fbNetwork/@fBs.6/@interface/@eventOutputs.0" outConnections="//@connections.15" fbNetwork="//@fbNetwork">
      <mappedInterfaceElement href="SysConf.xml#//@children.0/@resourceContainerView/@resources.0/@uIResourceDiagram/@children.7/@interfaceElements.4"/>
    </interfaceElements>
    <mappedFB href="SysConf.xml#//@children.0/@resourceContainerView/@resources.0/@uIResourceDiagram/@children.7"/>
  </children>
  <children xsi:type="org.fordiac.ide.model.ui:FBView" fb="//@fbNetwork/@fBs.7">
    <position x="191" y="590"/>
    <backgroundColor red="192" green="192" blue="192"/>
    <interfaceElements iInterfaceElement="//@fbNetwork/@fBs.7/@interface/@eventInputs.0" inConnections="//@connections.2" fbNetwork="//@fbNetwork">
      <mappedInterfaceElement href="SysConf.xml#//@children.0/@resourceContainerView/@resources.0/@uIResourceDiagram/@children.8/@interfaceElements.0"/>
    </interfaceElements>
    <interfaceElements iInterfaceElement="//@fbNetwork/@fBs.7/@interface/@eventInputs.1" inConnections="//@connections.10" fbNetwork="//@fbNetwork">
      <mappedInterfaceElement href="SysConf.xml#//@children.0/@resourceContainerView/@resources.0/@uIResourceDiagram/@children.8/@interfaceElements.1"/>
    </interfaceElements>
    <interfaceElements iInterfaceElement="//@fbNetwork/@fBs.7/@interface/@inputVars.0" fbNetwork="//@fbNetwork">
      <mappedInterfaceElement href="SysConf.xml#//@children.0/@resourceContainerView/@resources.0/@uIResourceDiagram/@children.8/@interfaceElements.2"/>
    </interfaceElements>
    <interfaceElements iInterfaceElement="//@fbNetwork/@fBs.7/@interface/@inputVars.1" fbNetwork="//@fbNetwork">
      <mappedInterfaceElement href="SysConf.xml#//@children.0/@resourceContainerView/@resources.0/@uIResourceDiagram/@children.8/@interfaceElements.3"/>
    </interfaceElements>
    <interfaceElements iInterfaceElement="//@fbNetwork/@fBs.7/@interface/@eventOutputs.0" fbNetwork="//@fbNetwork">
      <mappedInterfaceElement href="SysConf.xml#//@children.0/@resourceContainerView/@resources.0/@uIResourceDiagram/@children.8/@interfaceElements.4"/>
    </interfaceElements>
    <interfaceElements iInterfaceElement="//@fbNetwork/@fBs.7/@interface/@eventOutputs.1" outConnections="//@connections.1" fbNetwork="//@fbNetwork">
      <mappedInterfaceElement href="SysConf.xml#//@children.0/@resourceContainerView/@resources.0/@uIResourceDiagram/@children.8/@interfaceElements.5"/>
    </interfaceElements>
    <interfaceElements iInterfaceElement="//@fbNetwork/@fBs.7/@interface/@outputVars.0" fbNetwork="//@fbNetwork">
      <mappedInterfaceElement href="SysConf.xml#//@children.0/@resourceContainerView/@resources.0/@uIResourceDiagram/@children.8/@interfaceElements.6"/>
    </interfaceElements>
    <interfaceElements iInterfaceElement="//@fbNetwork/@fBs.7/@interface/@outputVars.1" fbNetwork="//@fbNetwork">
      <mappedInterfaceElement href="SysConf.xml#//@children.0/@resourceContainerView/@resources.0/@uIResourceDiagram/@children.8/@interfaceElements.7"/>
    </interfaceElements>
    <interfaceElements iInterfaceElement="//@fbNetwork/@fBs.7/@interface/@outputVars.2" outConnections="//@connections.4" fbNetwork="//@fbNetwork">
      <mappedInterfaceElement href="SysConf.xml#//@children.0/@resourceContainerView/@resources.0/@uIResourceDiagram/@children.8/@interfaceElements.8"/>
    </interfaceElements>
    <mappedFB href="SysConf.xml#//@children.0/@resourceContainerView/@resources.0/@uIResourceDiagram/@children.8"/>
  </children>
  <children xsi:type="org.fordiac.ide.model.ui:FBView" fb="//@fbNetwork/@fBs.8">
    <position x="760" y="418"/>
    <backgroundColor red="192" green="192" blue="192"/>
    <interfaceElements iInterfaceElement="//@fbNetwork/@fBs.8/@interface/@eventInputs.0" inConnections="//@connections.15" fbNetwork="//@fbNetwork">
      <mappedInterfaceElement href="SysConf.xml#//@children.0/@resourceContainerView/@resources.0/@uIResourceDiagram/@children.9/@interfaceElements.0"/>
    </interfaceElements>
    <interfaceElements iInterfaceElement="//@fbNetwork/@fBs.8/@interface/@inputVars.0" inConnections="//@connections.12" fbNetwork="//@fbNetwork">
      <mappedInterfaceElement href="SysConf.xml#//@children.0/@resourceContainerView/@resources.0/@uIResourceDiagram/@children.9/@interfaceElements.1"/>
    </interfaceElements>
    <interfaceElements iInterfaceElement="//@fbNetwork/@fBs.8/@interface/@inputVars.1" inConnections="//@connections.13" fbNetwork="//@fbNetwork">
      <mappedInterfaceElement href="SysConf.xml#//@children.0/@resourceContainerView/@resources.0/@uIResourceDiagram/@children.9/@interfaceElements.2"/>
    </interfaceElements>
    <interfaceElements iInterfaceElement="//@fbNetwork/@fBs.8/@interface/@inputVars.2" inConnections="//@connections.14" fbNetwork="//@fbNetwork">
      <mappedInterfaceElement href="SysConf.xml#//@children.0/@resourceContainerView/@resources.0/@uIResourceDiagram/@children.9/@interfaceElements.3"/>
    </interfaceElements>
    <interfaceElements iInterfaceElement="//@fbNetwork/@fBs.8/@interface/@eventOutputs.0" outConnections="//@connections.16" fbNetwork="//@fbNetwork">
      <mappedInterfaceElement href="SysConf.xml#//@children.0/@resourceContainerView/@resources.0/@uIResourceDiagram/@children.9/@interfaceElements.4"/>
    </interfaceElements>
    <interfaceElements iInterfaceElement="//@fbNetwork/@fBs.8/@interface/@outputVars.0" outConnections="//@connections.17" fbNetwork="//@fbNetwork">
      <mappedInterfaceElement href="SysConf.xml#//@children.0/@resourceContainerView/@resources.0/@uIResourceDiagram/@children.9/@interfaceElements.5"/>
    </interfaceElements>
    <mappedFB href="SysConf.xml#//@children.0/@resourceContainerView/@resources.0/@uIResourceDiagram/@children.9"/>
  </children>
  <children xsi:type="org.fordiac.ide.model.ui:FBView" fb="//@fbNetwork/@fBs.9">
    <position x="931" y="418"/>
    <backgroundColor red="192" green="192" blue="192"/>
    <interfaceElements iInterfaceElement="//@fbNetwork/@fBs.9/@interface/@eventInputs.0" inConnections="//@connections.16" fbNetwork="//@fbNetwork">
      <mappedInterfaceElement href="SysConf.xml#//@children.0/@resourceContainerView/@resources.0/@uIResourceDiagram/@children.10/@interfaceElements.0"/>
    </interfaceElements>
    <interfaceElements iInterfaceElement="//@fbNetwork/@fBs.9/@interface/@inputVars.0" inConnections="//@connections.17" fbNetwork="//@fbNetwork">
      <mappedInterfaceElement href="SysConf.xml#//@children.0/@resourceContainerView/@resources.0/@uIResourceDiagram/@children.10/@interfaceElements.1"/>
    </interfaceElements>
    <interfaceElements iInterfaceElement="//@fbNetwork/@fBs.9/@interface/@inputVars.1" fbNetwork="//@fbNetwork">
      <mappedInterfaceElement href="SysConf.xml#//@children.0/@resourceContainerView/@resources.0/@uIResourceDiagram/@children.10/@interfaceElements.2"/>
    </interfaceElements>
    <interfaceElements iInterfaceElement="//@fbNetwork/@fBs.9/@interface/@eventOutputs.0" outConnections="//@connections.22" fbNetwork="//@fbNetwork">
      <mappedInterfaceElement href="SysConf.xml#//@children.0/@resourceContainerView/@resources.0/@uIResourceDiagram/@children.10/@interfaceElements.3"/>
    </interfaceElements>
    <interfaceElements iInterfaceElement="//@fbNetwork/@fBs.9/@interface/@outputVars.0" outConnections="//@connections.21" fbNetwork="//@fbNetwork">
      <mappedInterfaceElement href="SysConf.xml#//@children.0/@resourceContainerView/@resources.0/@uIResourceDiagram/@children.10/@interfaceElements.4"/>
    </interfaceElements>
    <mappedFB href="SysConf.xml#//@children.0/@resourceContainerView/@resources.0/@uIResourceDiagram/@children.10"/>
  </children>
  <children xsi:type="org.fordiac.ide.model.ui:FBView" fb="//@fbNetwork/@fBs.10">
    <position x="191" y="191"/>
    <backgroundColor red="192" green="192" blue="192"/>
    <interfaceElements iInterfaceElement="//@fbNetwork/@fBs.10/@interface/@eventInputs.0" fbNetwork="//@fbNetwork">
      <mappedInterfaceElement href="SysConf.xml#//@children.0/@resourceContainerView/@resources.0/@uIResourceDiagram/@children.11/@interfaceElements.0"/>
    </interfaceElements>
    <interfaceElements iInterfaceElement="//@fbNetwork/@fBs.10/@interface/@eventInputs.1" inConnections="//@connections.22" fbNetwork="//@fbNetwork">
      <mappedInterfaceElement href="SysConf.xml#//@children.0/@resourceContainerView/@resources.0/@uIResourceDiagram/@children.11/@interfaceElements.1"/>
    </interfaceElements>
    <interfaceElements iInterfaceElement="//@fbNetwork/@fBs.10/@interface/@inputVars.0" fbNetwork="//@fbNetwork">
      <mappedInterfaceElement href="SysConf.xml#//@children.0/@resourceContainerView/@resources.0/@uIResourceDiagram/@children.11/@interfaceElements.2"/>
    </interfaceElements>
    <interfaceElements iInterfaceElement="//@fbNetwork/@fBs.10/@interface/@inputVars.1" fbNetwork="//@fbNetwork">
      <mappedInterfaceElement href="SysConf.xml#//@children.0/@resourceContainerView/@resources.0/@uIResourceDiagram/@children.11/@interfaceElements.3"/>
    </interfaceElements>
    <interfaceElements iInterfaceElement="//@fbNetwork/@fBs.10/@interface/@inputVars.2" inConnections="//@connections.21" fbNetwork="//@fbNetwork">
      <mappedInterfaceElement href="SysConf.xml#//@children.0/@resourceContainerView/@resources.0/@uIResourceDiagram/@children.11/@interfaceElements.4"/>
    </interfaceElements>
    <interfaceElements iInterfaceElement="//@fbNetwork/@fBs.10/@interface/@eventOutputs.0" outConnections="//@connections.18" fbNetwork="//@fbNetwork">
      <mappedInterfaceElement href="SysConf.xml#//@children.0/@resourceContainerView/@resources.0/@uIResourceDiagram/@children.11/@interfaceElements.5"/>
    </interfaceElements>
    <interfaceElements iInterfaceElement="//@fbNetwork/@fBs.10/@interface/@eventOutputs.1" outConnections="//@connections.19" fbNetwork="//@fbNetwork">
      <mappedInterfaceElement href="SysConf.xml#//@children.0/@resourceContainerView/@resources.0/@uIResourceDiagram/@children.11/@interfaceElements.6"/>
    </interfaceElements>
    <interfaceElements iInterfaceElement="//@fbNetwork/@fBs.10/@interface/@outputVars.0" fbNetwork="//@fbNetwork">
      <mappedInterfaceElement href="SysConf.xml#//@children.0/@resourceContainerView/@resources.0/@uIResourceDiagram/@children.11/@interfaceElements.7"/>
    </interfaceElements>
    <interfaceElements iInterfaceElement="//@fbNetwork/@fBs.10/@interface/@outputVars.1" fbNetwork="//@fbNetwork">
      <mappedInterfaceElement href="SysConf.xml#//@children.0/@resourceContainerView/@resources.0/@uIResourceDiagram/@children.11/@interfaceElements.8"/>
    </interfaceElements>
    <interfaceElements iInterfaceElement="//@fbNetwork/@fBs.10/@interface/@outputVars.2" outConnections="//@connections.20" fbNetwork="//@fbNetwork">
      <mappedInterfaceElement href="SysConf.xml#//@children.0/@resourceContainerView/@resources.0/@uIResourceDiagram/@children.11/@interfaceElements.9"/>
    </interfaceElements>
    <mappedFB href="SysConf.xml#//@children.0/@resourceContainerView/@resources.0/@uIResourceDiagram/@children.11"/>
  </children>
  <connections xsi:type="org.fordiac.ide.model.ui:ConnectionView" source="//@children.0/@interfaceElements.2" destination="//@children.2/@interfaceElements.0">
    <connectionElement xsi:type="libraryElement:EventConnection" href="SysConf.xml#//@systemConfigNetwork/@devices.0/@resource.0/@fBNetwork/@eventConnections.0"/>
  </connections>
  <connections xsi:type="org.fordiac.ide.model.ui:ConnectionView" source="//@children.7/@interfaceElements.5" destination="//@children.3/@interfaceElements.0">
    <connectionElement xsi:type="libraryElement:EventConnection" href="SysConf.xml#//@systemConfigNetwork/@devices.0/@resource.0/@fBNetwork/@eventConnections.9"/>
  </connections>
  <connections xsi:type="org.fordiac.ide.model.ui:ConnectionView" source="//@children.4/@interfaceElements.4" destination="//@children.7/@interfaceElements.0">
    <connectionElement xsi:type="libraryElement:EventConnection" href="SysConf.xml#//@systemConfigNetwork/@devices.0/@resource.0/@fBNetwork/@eventConnections.7"/>
  </connections>
  <connections xsi:type="org.fordiac.ide.model.ui:ConnectionView" source="//@children.2/@interfaceElements.1" destination="//@children.6/@interfaceElements.1">
    <connectionElement xsi:type="libraryElement:EventConnection" href="SysConf.xml#//@systemConfigNetwork/@devices.0/@resource.0/@fBNetwork/@eventConnections.5"/>
  </connections>
  <connections xsi:type="org.fordiac.ide.model.ui:ConnectionView" source="//@children.7/@interfaceElements.8" destination="//@children.3/@interfaceElements.1">
    <connectionElement xsi:type="libraryElement:DataConnection" href="SysConf.xml#//@systemConfigNetwork/@devices.0/@resource.0/@fBNetwork/@dataConnections.1"/>
  </connections>
  <connections xsi:type="org.fordiac.ide.model.ui:ConnectionView" source="//@children.1/@interfaceElements.2" destination="//@children.6/@interfaceElements.0">
    <connectionElement xsi:type="libraryElement:EventConnection" href="SysConf.xml#//@systemConfigNetwork/@devices.0/@resource.0/@fBNetwork/@eventConnections.4"/>
  </connections>
  <connections xsi:type="org.fordiac.ide.model.ui:ConnectionView" source="//@children.4/@interfaceElements.5" destination="//@children.0/@interfaceElements.0">
    <connectionElement xsi:type="libraryElement:EventConnection" href="SysConf.xml#//@systemConfigNetwork/@devices.0/@resource.0/@fBNetwork/@eventConnections.2"/>
  </connections>
  <connections xsi:type="org.fordiac.ide.model.ui:ConnectionView" source="//@children.5/@interfaceElements.1" destination="//@children.6/@interfaceElements.2">
    <connectionElement xsi:type="libraryElement:EventConnection" href="SysConf.xml#//@systemConfigNetwork/@devices.0/@resource.0/@fBNetwork/@eventConnections.6"/>
  </connections>
  <connections xsi:type="org.fordiac.ide.model.ui:ConnectionView" source="//@children.4/@interfaceElements.8" destination="//@children.0/@interfaceElements.1">
    <connectionElement xsi:type="libraryElement:DataConnection" href="SysConf.xml#//@systemConfigNetwork/@devices.0/@resource.0/@fBNetwork/@dataConnections.0"/>
  </connections>
  <connections xsi:type="org.fordiac.ide.model.ui:ConnectionView" source="//@children.3/@interfaceElements.2" destination="//@children.5/@interfaceElements.0">
    <connectionElement xsi:type="libraryElement:EventConnection" href="SysConf.xml#//@systemConfigNetwork/@devices.0/@resource.0/@fBNetwork/@eventConnections.3"/>
  </connections>
  <connections xsi:type="org.fordiac.ide.model.ui:ConnectionView" source="//@children.5/@interfaceElements.2" destination="//@children.7/@interfaceElements.1">
    <connectionElement xsi:type="libraryElement:EventConnection" href="SysConf.xml#//@systemConfigNetwork/@devices.0/@resource.0/@fBNetwork/@eventConnections.8"/>
  </connections>
  <connections xsi:type="org.fordiac.ide.model.ui:ConnectionView" source="//@children.2/@interfaceElements.2" destination="//@children.4/@interfaceElements.1">
    <connectionElement xsi:type="libraryElement:EventConnection" href="SysConf.xml#//@systemConfigNetwork/@devices.0/@resource.0/@fBNetwork/@eventConnections.1"/>
  </connections>
  <connections xsi:type="org.fordiac.ide.model.ui:ConnectionView" source="//@children.1/@interfaceElements.3" destination="//@children.8/@interfaceElements.1">
    <connectionElement xsi:type="libraryElement:DataConnection" href="SysConf.xml#//@systemConfigNetwork/@devices.0/@resource.0/@fBNetwork/@dataConnections.2"/>
  </connections>
  <connections xsi:type="org.fordiac.ide.model.ui:ConnectionView" source="//@children.0/@interfaceElements.3" destination="//@children.8/@interfaceElements.2">
    <connectionElement xsi:type="libraryElement:DataConnection" href="SysConf.xml#//@systemConfigNetwork/@devices.0/@resource.0/@fBNetwork/@dataConnections.3"/>
  </connections>
  <connections xsi:type="org.fordiac.ide.model.ui:ConnectionView" source="//@children.3/@interfaceElements.3" destination="//@children.8/@interfaceElements.3">
    <connectionElement xsi:type="libraryElement:DataConnection" href="SysConf.xml#//@systemConfigNetwork/@devices.0/@resource.0/@fBNetwork/@dataConnections.4"/>
  </connections>
  <connections xsi:type="org.fordiac.ide.model.ui:ConnectionView" source="//@children.6/@interfaceElements.4" destination="//@children.8/@interfaceElements.0">
    <connectionElement xsi:type="libraryElement:EventConnection" href="SysConf.xml#//@systemConfigNetwork/@devices.0/@resource.0/@fBNetwork/@eventConnections.10"/>
  </connections>
  <connections xsi:type="org.fordiac.ide.model.ui:ConnectionView" source="//@children.8/@interfaceElements.4" destination="//@children.9/@interfaceElements.0">
    <connectionElement xsi:type="libraryElement:EventConnection" href="SysConf.xml#//@systemConfigNetwork/@devices.0/@resource.0/@fBNetwork/@eventConnections.11"/>
  </connections>
  <connections xsi:type="org.fordiac.ide.model.ui:ConnectionView" source="//@children.8/@interfaceElements.5" destination="//@children.9/@interfaceElements.1">
    <connectionElement xsi:type="libraryElement:DataConnection" href="SysConf.xml#//@systemConfigNetwork/@devices.0/@resource.0/@fBNetwork/@dataConnections.5"/>
  </connections>
  <connections xsi:type="org.fordiac.ide.model.ui:ConnectionView" source="//@children.10/@interfaceElements.5" destination="//@children.4/@interfaceElements.0">
    <connectionElement xsi:type="libraryElement:EventConnection" href="SysConf.xml#//@systemConfigNetwork/@devices.0/@resource.0/@fBNetwork/@eventConnections.13"/>
  </connections>
  <connections xsi:type="org.fordiac.ide.model.ui:ConnectionView" source="//@children.10/@interfaceElements.6" destination="//@children.1/@interfaceElements.0">
    <connectionElement xsi:type="libraryElement:EventConnection" href="SysConf.xml#//@systemConfigNetwork/@devices.0/@resource.0/@fBNetwork/@eventConnections.14"/>
  </connections>
  <connections xsi:type="org.fordiac.ide.model.ui:ConnectionView" source="//@children.10/@interfaceElements.9" destination="//@children.1/@interfaceElements.1">
    <connectionElement xsi:type="libraryElement:DataConnection" href="SysConf.xml#//@systemConfigNetwork/@devices.0/@resource.0/@fBNetwork/@dataConnections.7"/>
  </connections>
  <connections xsi:type="org.fordiac.ide.model.ui:ConnectionView" source="//@children.9/@interfaceElements.4" destination="//@children.10/@interfaceElements.4">
    <connectionElement xsi:type="libraryElement:DataConnection" href="SysConf.xml#//@systemConfigNetwork/@devices.0/@resource.0/@fBNetwork/@dataConnections.6"/>
  </connections>
  <connections xsi:type="org.fordiac.ide.model.ui:ConnectionView" source="//@children.9/@interfaceElements.3" destination="//@children.10/@interfaceElements.1">
    <connectionElement xsi:type="libraryElement:EventConnection" href="SysConf.xml#//@systemConfigNetwork/@devices.0/@resource.0/@fBNetwork/@eventConnections.12"/>
  </connections>
  <fbNetwork>
    <fBs name="LREAL2LREAL_3_0_0" identifier="true" id="_OJARoFKVEeeUQL1FTSFjug" fbtPath="convert\LREAL2LREAL.fbt">
      <interface>
        <eventInputs name="REQ" comment="Normal Execution Request" isInput="true">
          <with variables="//@fbNetwork/@fBs.0/@interface/@inputVars.0"/>
          <inputConnections href="SysConf.xml#//@systemConfigNetwork/@devices.0/@resource.0/@fBNetwork/@eventConnections.2"/>
        </eventInputs>
        <eventOutputs name="CNF" comment="Execution Confirmation">
          <with variables="//@fbNetwork/@fBs.0/@interface/@outputVars.0"/>
          <outputConnections href="SysConf.xml#//@systemConfigNetwork/@devices.0/@resource.0/@fBNetwork/@eventConnections.0"/>
        </eventOutputs>
        <inputVars name="IN" comment="Input event qualifier" isInput="true" arraySize="-1" typeName="LREAL" withs="//@fbNetwork/@fBs.0/@interface/@eventInputs.0/@with.0">
          <value/>
          <inputConnections href="SysConf.xml#//@systemConfigNetwork/@devices.0/@resource.0/@fBNetwork/@dataConnections.0"/>
        </inputVars>
        <outputVars name="OUT" comment="Output event qualifier" arraySize="-1" typeName="LREAL" withs="//@fbNetwork/@fBs.0/@interface/@eventOutputs.0/@with.0">
          <outputConnections href="SysConf.xml#//@systemConfigNetwork/@devices.0/@resource.0/@fBNetwork/@dataConnections.3"/>
        </outputVars>
      </interface>
      <position x="343" y="419"/>
      <resource href="SysConf.xml#//@systemConfigNetwork/@devices.0/@resource.0/@fBNetwork"/>
    </fBs>
    <fBs name="LREAL2LREAL_3_2" identifier="true" id="_OJARoVKVEeeUQL1FTSFjug" fbtPath="convert\LREAL2LREAL.fbt">
      <interface>
        <eventInputs name="REQ" comment="Normal Execution Request" isInput="true">
          <with variables="//@fbNetwork/@fBs.1/@interface/@inputVars.0"/>
          <inputConnections href="SysConf.xml#//@systemConfigNetwork/@devices.0/@resource.0/@fBNetwork/@eventConnections.14"/>
        </eventInputs>
        <eventOutputs name="CNF" comment="Execution Confirmation">
          <with variables="//@fbNetwork/@fBs.1/@interface/@outputVars.0"/>
          <outputConnections href="SysConf.xml#//@systemConfigNetwork/@devices.0/@resource.0/@fBNetwork/@eventConnections.4"/>
        </eventOutputs>
        <inputVars name="IN" comment="Input event qualifier" isInput="true" arraySize="-1" typeName="LREAL" withs="//@fbNetwork/@fBs.1/@interface/@eventInputs.0/@with.0">
          <value/>
          <inputConnections href="SysConf.xml#//@systemConfigNetwork/@devices.0/@resource.0/@fBNetwork/@dataConnections.7"/>
        </inputVars>
        <outputVars name="OUT" comment="Output event qualifier" arraySize="-1" typeName="LREAL" withs="//@fbNetwork/@fBs.1/@interface/@eventOutputs.0/@with.0">
          <outputConnections href="SysConf.xml#//@systemConfigNetwork/@devices.0/@resource.0/@fBNetwork/@dataConnections.2"/>
        </outputVars>
      </interface>
      <position x="362" y="229"/>
      <resource href="SysConf.xml#//@systemConfigNetwork/@devices.0/@resource.0/@fBNetwork"/>
    </fBs>
    <fBs name="E_SPLIT_5_0" identifier="true" id="_OJARolKVEeeUQL1FTSFjug" fbtPath="events\E_SPLIT.fbt">
      <interface>
        <eventInputs name="EI" comment="Input event" isInput="true">
          <inputConnections href="SysConf.xml#//@systemConfigNetwork/@devices.0/@resource.0/@fBNetwork/@eventConnections.0"/>
        </eventInputs>
        <eventOutputs name="EO1" comment="First output event">
          <outputConnections href="SysConf.xml#//@systemConfigNetwork/@devices.0/@resource.0/@fBNetwork/@eventConnections.5"/>
        </eventOutputs>
        <eventOutputs name="EO2" comment="Second output event,etc.">
          <outputConnections href="SysConf.xml#//@systemConfigNetwork/@devices.0/@resource.0/@fBNetwork/@eventConnections.1"/>
        </eventOutputs>
      </interface>
      <position x="495" y="400"/>
      <resource href="SysConf.xml#//@systemConfigNetwork/@devices.0/@resource.0/@fBNetwork"/>
    </fBs>
    <fBs name="LREAL2LREAL_3_1_0" identifier="true" id="_OJARo1KVEeeUQL1FTSFjug" fbtPath="convert\LREAL2LREAL.fbt">
      <interface>
        <eventInputs name="REQ" comment="Normal Execution Request" isInput="true">
          <with variables="//@fbNetwork/@fBs.3/@interface/@inputVars.0"/>
          <inputConnections href="SysConf.xml#//@systemConfigNetwork/@devices.0/@resource.0/@fBNetwork/@eventConnections.9"/>
        </eventInputs>
        <eventOutputs name="CNF" comment="Execution Confirmation">
          <with variables="//@fbNetwork/@fBs.3/@interface/@outputVars.0"/>
          <outputConnections href="SysConf.xml#//@systemConfigNetwork/@devices.0/@resource.0/@fBNetwork/@eventConnections.3"/>
        </eventOutputs>
        <inputVars name="IN" comment="Input event qualifier" isInput="true" arraySize="-1" typeName="LREAL" withs="//@fbNetwork/@fBs.3/@interface/@eventInputs.0/@with.0">
          <value/>
          <inputConnections href="SysConf.xml#//@systemConfigNetwork/@devices.0/@resource.0/@fBNetwork/@dataConnections.1"/>
        </inputVars>
        <outputVars name="OUT" comment="Output event qualifier" arraySize="-1" typeName="LREAL" withs="//@fbNetwork/@fBs.3/@interface/@eventOutputs.0/@with.0">
          <outputConnections href="SysConf.xml#//@systemConfigNetwork/@devices.0/@resource.0/@fBNetwork/@dataConnections.4"/>
        </outputVars>
      </interface>
      <position x="343" y="609"/>
      <resource href="SysConf.xml#//@systemConfigNetwork/@devices.0/@resource.0/@fBNetwork"/>
    </fBs>
    <fBs name="LOAD_METER_0" identifier="true" id="_OJJbkFKVEeeUQL1FTSFjug" fbtPath="net\SERVER_0_1.fbt">
      <interface>
        <eventInputs name="INIT" comment="Service Initialization" isInput="true">
          <with variables="//@fbNetwork/@fBs.4/@interface/@inputVars.0"/>
          <with variables="//@fbNetwork/@fBs.4/@interface/@inputVars.1"/>
          <inputConnections href="SysConf.xml#//@systemConfigNetwork/@devices.0/@resource.0/@fBNetwork/@eventConnections.13"/>
        </eventInputs>
        <eventInputs name="RSP" comment="Service Response" isInput="true">
          <with variables="//@fbNetwork/@fBs.4/@interface/@inputVars.0"/>
          <inputConnections href="SysConf.xml#//@systemConfigNetwork/@devices.0/@resource.0/@fBNetwork/@eventConnections.1"/>
        </eventInputs>
        <eventOutputs name="INITO" comment="Initialization Confirm">
          <with variables="//@fbNetwork/@fBs.4/@interface/@outputVars.0"/>
          <with variables="//@fbNetwork/@fBs.4/@interface/@outputVars.1"/>
          <outputConnections href="SysConf.xml#//@systemConfigNetwork/@devices.0/@resource.0/@fBNetwork/@eventConnections.7"/>
        </eventOutputs>
        <eventOutputs name="IND" comment="Service Indication">
          <with variables="//@fbNetwork/@fBs.4/@interface/@outputVars.0"/>
          <with variables="//@fbNetwork/@fBs.4/@interface/@outputVars.1"/>
          <with variables="//@fbNetwork/@fBs.4/@interface/@outputVars.2"/>
          <outputConnections href="SysConf.xml#//@systemConfigNetwork/@devices.0/@resource.0/@fBNetwork/@eventConnections.2"/>
        </eventOutputs>
        <inputVars name="QI" comment="Event Input Qualifier" isInput="true" arraySize="-1" typeName="BOOL" withs="//@fbNetwork/@fBs.4/@interface/@eventInputs.0/@with.0 //@fbNetwork/@fBs.4/@interface/@eventInputs.1/@with.0">
          <value value="TRUE"/>
        </inputVars>
        <inputVars name="ID" comment="Connection Identifier" isInput="true" arraySize="-1" typeName="WSTRING" withs="//@fbNetwork/@fBs.4/@interface/@eventInputs.0/@with.1">
          <value value="localhost:61501"/>
        </inputVars>
        <outputVars name="QO" comment="Event Output Qualifier" arraySize="-1" typeName="BOOL" withs="//@fbNetwork/@fBs.4/@interface/@eventOutputs.0/@with.0 //@fbNetwork/@fBs.4/@interface/@eventOutputs.1/@with.0"/>
        <outputVars name="STATUS" comment="Service Status" arraySize="-1" typeName="WSTRING" withs="//@fbNetwork/@fBs.4/@interface/@eventOutputs.0/@with.1 //@fbNetwork/@fBs.4/@interface/@eventOutputs.1/@with.1"/>
        <outputVars name="RD_1" comment="Received Data" arraySize="-1" typeName="ANY" withs="//@fbNetwork/@fBs.4/@interface/@eventOutputs.1/@with.2">
          <outputConnections href="SysConf.xml#//@systemConfigNetwork/@devices.0/@resource.0/@fBNetwork/@dataConnections.0"/>
        </outputVars>
      </interface>
      <position x="191" y="400"/>
      <resource href="SysConf.xml#//@systemConfigNetwork/@devices.0/@resource.0/@fBNetwork"/>
    </fBs>
    <fBs name="E_SPLIT_6_0" identifier="true" id="_OJJbkVKVEeeUQL1FTSFjug" fbtPath="events\E_SPLIT.fbt">
      <interface>
        <eventInputs name="EI" comment="Input event" isInput="true">
          <inputConnections href="SysConf.xml#//@systemConfigNetwork/@devices.0/@resource.0/@fBNetwork/@eventConnections.3"/>
        </eventInputs>
        <eventOutputs name="EO1" comment="First output event">
          <outputConnections href="SysConf.xml#//@systemConfigNetwork/@devices.0/@resource.0/@fBNetwork/@eventConnections.6"/>
        </eventOutputs>
        <eventOutputs name="EO2" comment="Second output event,etc.">
          <outputConnections href="SysConf.xml#//@systemConfigNetwork/@devices.0/@resource.0/@fBNetwork/@eventConnections.8"/>
        </eventOutputs>
      </interface>
      <position x="495" y="609"/>
      <resource href="SysConf.xml#//@systemConfigNetwork/@devices.0/@resource.0/@fBNetwork"/>
    </fBs>
    <fBs name="E_REND_3_0_0" identifier="true" id="_OJJbklKVEeeUQL1FTSFjug" fbtPath="PVTController\Events\E_REND_3.fbt">
      <interface>
        <eventInputs name="E1" comment="First input event" isInput="true">
          <inputConnections href="SysConf.xml#//@systemConfigNetwork/@devices.0/@resource.0/@fBNetwork/@eventConnections.4"/>
        </eventInputs>
        <eventInputs name="E2" comment="Second input event" isInput="true">
          <inputConnections href="SysConf.xml#//@systemConfigNetwork/@devices.0/@resource.0/@fBNetwork/@eventConnections.5"/>
        </eventInputs>
        <eventInputs name="E3" comment="Third input event" isInput="true">
          <inputConnections href="SysConf.xml#//@systemConfigNetwork/@devices.0/@resource.0/@fBNetwork/@eventConnections.6"/>
        </eventInputs>
        <eventInputs name="R" comment="Fith input event" isInput="true"/>
        <eventOutputs name="EO" comment="Output event">
          <outputConnections href="SysConf.xml#//@systemConfigNetwork/@devices.0/@resource.0/@fBNetwork/@eventConnections.10"/>
        </eventOutputs>
      </interface>
      <position x="628" y="343"/>
      <resource href="SysConf.xml#//@systemConfigNetwork/@devices.0/@resource.0/@fBNetwork"/>
    </fBs>
    <fBs name="BATTERY_1" identifier="true" id="_OJJblFKVEeeUQL1FTSFjug" fbtPath="net\SERVER_0_1.fbt">
      <interface>
        <eventInputs name="INIT" comment="Service Initialization" isInput="true">
          <with variables="//@fbNetwork/@fBs.7/@interface/@inputVars.0"/>
          <with variables="//@fbNetwork/@fBs.7/@interface/@inputVars.1"/>
          <inputConnections href="SysConf.xml#//@systemConfigNetwork/@devices.0/@resource.0/@fBNetwork/@eventConnections.7"/>
        </eventInputs>
        <eventInputs name="RSP" comment="Service Response" isInput="true">
          <with variables="//@fbNetwork/@fBs.7/@interface/@inputVars.0"/>
          <inputConnections href="SysConf.xml#//@systemConfigNetwork/@devices.0/@resource.0/@fBNetwork/@eventConnections.8"/>
        </eventInputs>
        <eventOutputs name="INITO" comment="Initialization Confirm">
          <with variables="//@fbNetwork/@fBs.7/@interface/@outputVars.0"/>
          <with variables="//@fbNetwork/@fBs.7/@interface/@outputVars.1"/>
        </eventOutputs>
        <eventOutputs name="IND" comment="Service Indication">
          <with variables="//@fbNetwork/@fBs.7/@interface/@outputVars.0"/>
          <with variables="//@fbNetwork/@fBs.7/@interface/@outputVars.1"/>
          <with variables="//@fbNetwork/@fBs.7/@interface/@outputVars.2"/>
          <outputConnections href="SysConf.xml#//@systemConfigNetwork/@devices.0/@resource.0/@fBNetwork/@eventConnections.9"/>
        </eventOutputs>
        <inputVars name="QI" comment="Event Input Qualifier" isInput="true" arraySize="-1" typeName="BOOL" withs="//@fbNetwork/@fBs.7/@interface/@eventInputs.0/@with.0 //@fbNetwork/@fBs.7/@interface/@eventInputs.1/@with.0">
          <value value="TRUE"/>
        </inputVars>
        <inputVars name="ID" comment="Connection Identifier" isInput="true" arraySize="-1" typeName="WSTRING" withs="//@fbNetwork/@fBs.7/@interface/@eventInputs.0/@with.1">
          <value value="localhost:61502"/>
        </inputVars>
        <outputVars name="QO" comment="Event Output Qualifier" arraySize="-1" typeName="BOOL" withs="//@fbNetwork/@fBs.7/@interface/@eventOutputs.0/@with.0 //@fbNetwork/@fBs.7/@interface/@eventOutputs.1/@with.0"/>
        <outputVars name="STATUS" comment="Service Status" arraySize="-1" typeName="WSTRING" withs="//@fbNetwork/@fBs.7/@interface/@eventOutputs.0/@with.1 //@fbNetwork/@fBs.7/@interface/@eventOutputs.1/@with.1"/>
        <outputVars name="RD_1" comment="Received Data" arraySize="-1" typeName="ANY" withs="//@fbNetwork/@fBs.7/@interface/@eventOutputs.1/@with.2">
          <outputConnections href="SysConf.xml#//@systemConfigNetwork/@devices.0/@resource.0/@fBNetwork/@dataConnections.1"/>
        </outputVars>
      </interface>
      <position x="191" y="590"/>
      <resource href="SysConf.xml#//@systemConfigNetwork/@devices.0/@resource.0/@fBNetwork"/>
    </fBs>
    <fBs name="FB_PVFEEDIN_CALC" identifier="true" id="_SDo7MFKVEeeUQL1FTSFjug" fbtPath="PVTController\PVderation\FB_PVFEEDIN_CALC.fbt">
      <interface>
        <eventInputs name="REQ" comment="Normal Execution Request" isInput="true">
          <with variables="//@fbNetwork/@fBs.8/@interface/@inputVars.0"/>
          <with variables="//@fbNetwork/@fBs.8/@interface/@inputVars.1"/>
          <with variables="//@fbNetwork/@fBs.8/@interface/@inputVars.2"/>
          <inputConnections href="SysConf.xml#//@systemConfigNetwork/@devices.0/@resource.0/@fBNetwork/@eventConnections.10"/>
        </eventInputs>
        <eventOutputs name="CNF" comment="Execution Confirmation">
          <with variables="//@fbNetwork/@fBs.8/@interface/@outputVars.0"/>
          <outputConnections href="SysConf.xml#//@systemConfigNetwork/@devices.0/@resource.0/@fBNetwork/@eventConnections.11"/>
        </eventOutputs>
        <inputVars name="PPV" comment="PV power" isInput="true" arraySize="-1" typeName="LREAL" withs="//@fbNetwork/@fBs.8/@interface/@eventInputs.0/@with.0">
          <value/>
          <inputConnections href="SysConf.xml#//@systemConfigNetwork/@devices.0/@resource.0/@fBNetwork/@dataConnections.2"/>
        </inputVars>
        <inputVars name="PLD" comment="Load" isInput="true" arraySize="-1" typeName="LREAL" withs="//@fbNetwork/@fBs.8/@interface/@eventInputs.0/@with.1">
          <value/>
          <inputConnections href="SysConf.xml#//@systemConfigNetwork/@devices.0/@resource.0/@fBNetwork/@dataConnections.3"/>
        </inputVars>
        <inputVars name="PBAT" comment="Battery power (positive = charge, negative = discharge)" isInput="true" arraySize="-1" typeName="LREAL" withs="//@fbNetwork/@fBs.8/@interface/@eventInputs.0/@with.2">
          <value/>
          <inputConnections href="SysConf.xml#//@systemConfigNetwork/@devices.0/@resource.0/@fBNetwork/@dataConnections.4"/>
        </inputVars>
        <outputVars name="PGF" comment="Grid feed-in power" arraySize="-1" typeName="LREAL" withs="//@fbNetwork/@fBs.8/@interface/@eventOutputs.0/@with.0">
          <outputConnections href="SysConf.xml#//@systemConfigNetwork/@devices.0/@resource.0/@fBNetwork/@dataConnections.5"/>
        </outputVars>
      </interface>
      <position x="760" y="418"/>
      <resource href="SysConf.xml#//@systemConfigNetwork/@devices.0/@resource.0/@fBNetwork"/>
    </fBs>
    <fBs name="PVDERATOR_PROP" identifier="true" id="_WJG7wFKVEeeUQL1FTSFjug" fbtPath="PVTController\PVderation\PVDERATOR_PROP.fbt">
      <interface>
        <eventInputs name="REQ" comment="Normal Execution Request" isInput="true">
          <with variables="//@fbNetwork/@fBs.9/@interface/@inputVars.0"/>
          <with variables="//@fbNetwork/@fBs.9/@interface/@inputVars.1"/>
          <inputConnections href="SysConf.xml#//@systemConfigNetwork/@devices.0/@resource.0/@fBNetwork/@eventConnections.11"/>
        </eventInputs>
        <eventOutputs name="CNF" comment="Execution Confirmation">
          <with variables="//@fbNetwork/@fBs.9/@interface/@outputVars.0"/>
          <outputConnections href="SysConf.xml#//@systemConfigNetwork/@devices.0/@resource.0/@fBNetwork/@eventConnections.12"/>
        </eventOutputs>
        <inputVars name="ACT" comment="Actual PV (feed-in) power in kW/kWp" isInput="true" arraySize="-1" typeName="LREAL" withs="//@fbNetwork/@fBs.9/@interface/@eventInputs.0/@with.0">
          <value/>
          <inputConnections href="SysConf.xml#//@systemConfigNetwork/@devices.0/@resource.0/@fBNetwork/@dataConnections.5"/>
        </inputVars>
        <inputVars name="SET" comment="Set PV (feed-in) power in kW/kWp" isInput="true" arraySize="-1" typeName="LREAL" withs="//@fbNetwork/@fBs.9/@interface/@eventInputs.0/@with.1">
          <value value="2500"/>
        </inputVars>
        <outputVars name="DF" comment="Derating factor" arraySize="-1" typeName="LREAL" withs="//@fbNetwork/@fBs.9/@interface/@eventOutputs.0/@with.0">
          <outputConnections href="SysConf.xml#//@systemConfigNetwork/@devices.0/@resource.0/@fBNetwork/@dataConnections.6"/>
        </outputVars>
      </interface>
      <position x="931" y="418"/>
      <resource href="SysConf.xml#//@systemConfigNetwork/@devices.0/@resource.0/@fBNetwork"/>
    </fBs>
    <fBs name="PV_GENERATOR_1" identifier="true" id="_OJJbk1KVEeeUQL1FTSFjug" fbtPath="net\SERVER_1.fbt">
      <interface>
        <eventInputs name="INIT" comment="Service Initialization" isInput="true">
          <with variables="//@fbNetwork/@fBs.10/@interface/@inputVars.0"/>
          <with variables="//@fbNetwork/@fBs.10/@interface/@inputVars.1"/>
        </eventInputs>
        <eventInputs name="RSP" comment="Service Response" isInput="true">
          <with variables="//@fbNetwork/@fBs.10/@interface/@inputVars.0"/>
          <with variables="//@fbNetwork/@fBs.10/@interface/@inputVars.2"/>
          <inputConnections href="SysConf.xml#//@systemConfigNetwork/@devices.0/@resource.0/@fBNetwork/@eventConnections.12"/>
        </eventInputs>
        <eventOutputs name="INITO" comment="Initialization Confirm">
          <with variables="//@fbNetwork/@fBs.10/@interface/@outputVars.0"/>
          <with variables="//@fbNetwork/@fBs.10/@interface/@outputVars.1"/>
          <outputConnections href="SysConf.xml#//@systemConfigNetwork/@devices.0/@resource.0/@fBNetwork/@eventConnections.13"/>
        </eventOutputs>
        <eventOutputs name="IND" comment="Service Indication">
          <with variables="//@fbNetwork/@fBs.10/@interface/@outputVars.0"/>
          <with variables="//@fbNetwork/@fBs.10/@interface/@outputVars.1"/>
          <with variables="//@fbNetwork/@fBs.10/@interface/@outputVars.2"/>
          <outputConnections href="SysConf.xml#//@systemConfigNetwork/@devices.0/@resource.0/@fBNetwork/@eventConnections.14"/>
        </eventOutputs>
        <inputVars name="QI" comment="Event Input Qualifier" isInput="true" arraySize="-1" typeName="BOOL" withs="//@fbNetwork/@fBs.10/@interface/@eventInputs.0/@with.0 //@fbNetwork/@fBs.10/@interface/@eventInputs.1/@with.0">
          <value value="TRUE"/>
        </inputVars>
        <inputVars name="ID" comment="Connection Identifier" isInput="true" arraySize="-1" typeName="WSTRING" withs="//@fbNetwork/@fBs.10/@interface/@eventInputs.0/@with.1">
          <value value="localhost:61500"/>
        </inputVars>
        <inputVars name="SD_1" comment="Data to Send" isInput="true" arraySize="-1" typeName="ANY" withs="//@fbNetwork/@fBs.10/@interface/@eventInputs.1/@with.1">
          <value/>
          <inputConnections href="SysConf.xml#//@systemConfigNetwork/@devices.0/@resource.0/@fBNetwork/@dataConnections.6"/>
        </inputVars>
        <outputVars name="QO" comment="Event Output Qualifier" arraySize="-1" typeName="BOOL" withs="//@fbNetwork/@fBs.10/@interface/@eventOutputs.0/@with.0 //@fbNetwork/@fBs.10/@interface/@eventOutputs.1/@with.0"/>
        <outputVars name="STATUS" comment="Service Status" arraySize="-1" typeName="WSTRING" withs="//@fbNetwork/@fBs.10/@interface/@eventOutputs.0/@with.1 //@fbNetwork/@fBs.10/@interface/@eventOutputs.1/@with.1"/>
        <outputVars name="RD_1" comment="Received Data" arraySize="-1" typeName="ANY" withs="//@fbNetwork/@fBs.10/@interface/@eventOutputs.1/@with.2">
          <outputConnections href="SysConf.xml#//@systemConfigNetwork/@devices.0/@resource.0/@fBNetwork/@dataConnections.7"/>
        </outputVars>
      </interface>
      <position x="191" y="191"/>
      <resource href="SysConf.xml#//@systemConfigNetwork/@devices.0/@resource.0/@fBNetwork"/>
    </fBs>
    <application href="PVTController.xml#//@application.9"/>
  </fbNetwork>
</org.fordiac.ide.model.ui:UIFBNetwork>
